Product Group,Day of Week,Interval Start,Intraday Arrival
PRODUCT_ABC_DESKTOP_EN_CHAT,Monday,00:00:00,0.0
PRODUCT_ABC_DESKTOP_EN_CHAT,Monday,00:30:00,0.0
PRODUCT_ABC_DESKTOP_EN_CHAT,Monday,01:00:00,0.0
PRODUCT_ABC_DESKTOP_EN_CHAT,Monday,01:30:00,0.0
PRODUCT_ABC_DESKTOP_EN_CHAT,Monday,02:00:00,0.0
PRODUCT_ABC_DESKTOP_EN_CHAT,Monday,02:30:00,0.0
PRODUCT_ABC_DESKTOP_EN_CHAT,Monday,03:00:00,0.0
PRODUCT_ABC_DESKTOP_EN_CHAT,Monday,03:30:00,0.0
PRODUCT_ABC_DESKTOP_EN_CHAT,Monday,04:00:00,0.0
PRODUCT_ABC_DESKTOP_EN_CHAT,Monday,04:30:00,0.0
PRODUCT_ABC_DESKTOP_EN_CHAT,Monday,05:00:00,0.0
PRODUCT_ABC_DESKTOP_EN_CHAT,Monday,05:30:00,0.0
PRODUCT_ABC_DESKTOP_EN_CHAT,Monday,06:00:00,0.0
PRODUCT_ABC_DESKTOP_EN_CHAT,Monday,06:30:00,0.0
PRODUCT_ABC_DESKTOP_EN_CHAT,Monday,07:00:00,0.0
PRODUCT_ABC_DESKTOP_EN_CHAT,Monday,07:30:00,0.0
PRODUCT_ABC_DESKTOP_EN_CHAT,Monday,08:00:00,0.02386059083956085
PRODUCT_ABC_DESKTOP_EN_CHAT,Monday,08:30:00,0.03503962197935279
PRODUCT_ABC_DESKTOP_EN_CHAT,Monday,09:00:00,0.052213686447065234
PRODUCT_ABC_DESKTOP_EN_CHAT,Monday,09:30:00,0.06304914865198241
PRODUCT_ABC_DESKTOP_EN_CHAT,Monday,10:00:00,0.07805921624408846
PRODUCT_ABC_DESKTOP_EN_CHAT,Monday,10:30:00,0.08183826781638423
PRODUCT_ABC_DESKTOP_EN_CHAT,Monday,11:00:00,0.08420634720771805
PRODUCT_ABC_DESKTOP_EN_CHAT,Monday,11:30:00,0.08029619489929733
PRODUCT_ABC_DESKTOP_EN_CHAT,Monday,12:00:00,0.07359356678022255
PRODUCT_ABC_DESKTOP_EN_CHAT,Monday,12:30:00,0.06423615585023768
PRODUCT_ABC_DESKTOP_EN_CHAT,Monday,13:00:00,0.05927192520663281
PRODUCT_ABC_DESKTOP_EN_CHAT,Monday,13:30:00,0.05333417383824431
PRODUCT_ABC_DESKTOP_EN_CHAT,Monday,14:00:00,0.048098480197330415
PRODUCT_ABC_DESKTOP_EN_CHAT,Monday,14:30:00,0.044174705960663745
PRODUCT_ABC_DESKTOP_EN_CHAT,Monday,15:00:00,0.037622234984315425
PRODUCT_ABC_DESKTOP_EN_CHAT,Monday,15:30:00,0.0338540365679229
PRODUCT_ABC_DESKTOP_EN_CHAT,Monday,16:00:00,0.028624275999154368
PRODUCT_ABC_DESKTOP_EN_CHAT,Monday,16:30:00,0.022377277659087536
PRODUCT_ABC_DESKTOP_EN_CHAT,Monday,17:00:00,0.020948988535912882
PRODUCT_ABC_DESKTOP_EN_CHAT,Monday,17:30:00,0.015301104334825988
PRODUCT_ABC_DESKTOP_EN_CHAT,Monday,18:00:00,0.0
PRODUCT_ABC_DESKTOP_EN_CHAT,Monday,18:30:00,0.0
PRODUCT_ABC_DESKTOP_EN_CHAT,Monday,19:00:00,0.0
PRODUCT_ABC_DESKTOP_EN_CHAT,Monday,19:30:00,0.0
PRODUCT_ABC_DESKTOP_EN_CHAT,Monday,20:00:00,0.0
PRODUCT_ABC_DESKTOP_EN_CHAT,Monday,20:30:00,0.0
PRODUCT_ABC_DESKTOP_EN_CHAT,Monday,21:00:00,0.0
PRODUCT_ABC_DESKTOP_EN_CHAT,Monday,21:30:00,0.0
PRODUCT_ABC_DESKTOP_EN_CHAT,Monday,22:00:00,0.0
PRODUCT_ABC_DESKTOP_EN_CHAT,Monday,22:30:00,0.0
PRODUCT_ABC_DESKTOP_EN_CHAT,Monday,23:00:00,0.0
PRODUCT_ABC_DESKTOP_EN_CHAT,Monday,23:30:00,0.0
PRODUCT_ABC_DESKTOP_EN_CHAT,Tuesday,00:00:00,0.0
PRODUCT_ABC_DESKTOP_EN_CHAT,Tuesday,00:30:00,0.0
PRODUCT_ABC_DESKTOP_EN_CHAT,Tuesday,01:00:00,0.0
PRODUCT_ABC_DESKTOP_EN_CHAT,Tuesday,01:30:00,0.0
PRODUCT_ABC_DESKTOP_EN_CHAT,Tuesday,02:00:00,0.0
PRODUCT_ABC_DESKTOP_EN_CHAT,Tuesday,02:30:00,0.0
PRODUCT_ABC_DESKTOP_EN_CHAT,Tuesday,03:00:00,0.0
PRODUCT_ABC_DESKTOP_EN_CHAT,Tuesday,03:30:00,0.0
PRODUCT_ABC_DESKTOP_EN_CHAT,Tuesday,04:00:00,0.0
PRODUCT_ABC_DESKTOP_EN_CHAT,Tuesday,04:30:00,0.0
PRODUCT_ABC_DESKTOP_EN_CHAT,Tuesday,05:00:00,0.0
PRODUCT_ABC_DESKTOP_EN_CHAT,Tuesday,05:30:00,0.0
PRODUCT_ABC_DESKTOP_EN_CHAT,Tuesday,06:00:00,0.0
PRODUCT_ABC_DESKTOP_EN_CHAT,Tuesday,06:30:00,0.0
PRODUCT_ABC_DESKTOP_EN_CHAT,Tuesday,07:00:00,0.0
PRODUCT_ABC_DESKTOP_EN_CHAT,Tuesday,07:30:00,0.0
PRODUCT_ABC_DESKTOP_EN_CHAT,Tuesday,08:00:00,0.01014564959322506
PRODUCT_ABC_DESKTOP_EN_CHAT,Tuesday,08:30:00,0.014768506912070071
PRODUCT_ABC_DESKTOP_EN_CHAT,Tuesday,09:00:00,0.028713588443194802
PRODUCT_ABC_DESKTOP_EN_CHAT,Tuesday,09:30:00,0.041382881824662675
PRODUCT_ABC_DESKTOP_EN_CHAT,Tuesday,10:00:00,0.06179790877232543
PRODUCT_ABC_DESKTOP_EN_CHAT,Tuesday,10:30:00,0.07965617391679462
PRODUCT_ABC_DESKTOP_EN_CHAT,Tuesday,11:00:00,0.1021056761024377
PRODUCT_ABC_DESKTOP_EN_CHAT,Tuesday,11:30:00,0.10974499328924711
PRODUCT_ABC_DESKTOP_EN_CHAT,Tuesday,12:00:00,0.11008227831032351
PRODUCT_ABC_DESKTOP_EN_CHAT,Tuesday,12:30:00,0.0970835114855027
PRODUCT_ABC_DESKTOP_EN_CHAT,Tuesday,13:00:00,0.08560250711972614
PRODUCT_ABC_DESKTOP_EN_CHAT,Tuesday,13:30:00,0.06830397678587821
PRODUCT_ABC_DESKTOP_EN_CHAT,Tuesday,14:00:00,0.056030795933841714
PRODUCT_ABC_DESKTOP_EN_CHAT,Tuesday,14:30:00,0.038620125041403476
PRODUCT_ABC_DESKTOP_EN_CHAT,Tuesday,15:00:00,0.03196813657999429
PRODUCT_ABC_DESKTOP_EN_CHAT,Tuesday,15:30:00,0.02523697316179892
PRODUCT_ABC_DESKTOP_EN_CHAT,Tuesday,16:00:00,0.014941571984619111
PRODUCT_ABC_DESKTOP_EN_CHAT,Tuesday,16:30:00,0.012201988043632456
PRODUCT_ABC_DESKTOP_EN_CHAT,Tuesday,17:00:00,0.006243520127116299
PRODUCT_ABC_DESKTOP_EN_CHAT,Tuesday,17:30:00,0.005369236572205568
PRODUCT_ABC_DESKTOP_EN_CHAT,Tuesday,18:00:00,0.0
PRODUCT_ABC_DESKTOP_EN_CHAT,Tuesday,18:30:00,0.0
PRODUCT_ABC_DESKTOP_EN_CHAT,Tuesday,19:00:00,0.0
PRODUCT_ABC_DESKTOP_EN_CHAT,Tuesday,19:30:00,0.0
PRODUCT_ABC_DESKTOP_EN_CHAT,Tuesday,20:00:00,0.0
PRODUCT_ABC_DESKTOP_EN_CHAT,Tuesday,20:30:00,0.0
PRODUCT_ABC_DESKTOP_EN_CHAT,Tuesday,21:00:00,0.0
PRODUCT_ABC_DESKTOP_EN_CHAT,Tuesday,21:30:00,0.0
PRODUCT_ABC_DESKTOP_EN_CHAT,Tuesday,22:00:00,0.0
PRODUCT_ABC_DESKTOP_EN_CHAT,Tuesday,22:30:00,0.0
PRODUCT_ABC_DESKTOP_EN_CHAT,Tuesday,23:00:00,0.0
PRODUCT_ABC_DESKTOP_EN_CHAT,Tuesday,23:30:00,0.0
PRODUCT_ABC_DESKTOP_EN_CHAT,Wednesday,00:00:00,0.0
PRODUCT_ABC_DESKTOP_EN_CHAT,Wednesday,00:30:00,0.0
PRODUCT_ABC_DESKTOP_EN_CHAT,Wednesday,01:00:00,0.0
PRODUCT_ABC_DESKTOP_EN_CHAT,Wednesday,01:30:00,0.0
PRODUCT_ABC_DESKTOP_EN_CHAT,Wednesday,02:00:00,0.0
PRODUCT_ABC_DESKTOP_EN_CHAT,Wednesday,02:30:00,0.0
PRODUCT_ABC_DESKTOP_EN_CHAT,Wednesday,03:00:00,0.0
PRODUCT_ABC_DESKTOP_EN_CHAT,Wednesday,03:30:00,0.0
PRODUCT_ABC_DESKTOP_EN_CHAT,Wednesday,04:00:00,0.0
PRODUCT_ABC_DESKTOP_EN_CHAT,Wednesday,04:30:00,0.0
PRODUCT_ABC_DESKTOP_EN_CHAT,Wednesday,05:00:00,0.0
PRODUCT_ABC_DESKTOP_EN_CHAT,Wednesday,05:30:00,0.0
PRODUCT_ABC_DESKTOP_EN_CHAT,Wednesday,06:00:00,0.0
PRODUCT_ABC_DESKTOP_EN_CHAT,Wednesday,06:30:00,0.0
PRODUCT_ABC_DESKTOP_EN_CHAT,Wednesday,07:00:00,0.0
PRODUCT_ABC_DESKTOP_EN_CHAT,Wednesday,07:30:00,0.0
PRODUCT_ABC_DESKTOP_EN_CHAT,Wednesday,08:00:00,0.019496256272965733
PRODUCT_ABC_DESKTOP_EN_CHAT,Wednesday,08:30:00,0.03379883013766807
PRODUCT_ABC_DESKTOP_EN_CHAT,Wednesday,09:00:00,0.04523373051888047
PRODUCT_ABC_DESKTOP_EN_CHAT,Wednesday,09:30:00,0.05961199606604966
PRODUCT_ABC_DESKTOP_EN_CHAT,Wednesday,10:00:00,0.07349570303686359
PRODUCT_ABC_DESKTOP_EN_CHAT,Wednesday,10:30:00,0.08124253856172953
PRODUCT_ABC_DESKTOP_EN_CHAT,Wednesday,11:00:00,0.09001773197458937
PRODUCT_ABC_DESKTOP_EN_CHAT,Wednesday,11:30:00,0.0872047180655198
PRODUCT_ABC_DESKTOP_EN_CHAT,Wednesday,12:00:00,0.08183598728702986
PRODUCT_ABC_DESKTOP_EN_CHAT,Wednesday,12:30:00,0.07243018066553962
PRODUCT_ABC_DESKTOP_EN_CHAT,Wednesday,13:00:00,0.06256698158028887
PRODUCT_ABC_DESKTOP_EN_CHAT,Wednesday,13:30:00,0.05603436301717287
PRODUCT_ABC_DESKTOP_EN_CHAT,Wednesday,14:00:00,0.047117788728271374
PRODUCT_ABC_DESKTOP_EN_CHAT,Wednesday,14:30:00,0.04212095869292008
PRODUCT_ABC_DESKTOP_EN_CHAT,Wednesday,15:00:00,0.03642807454971522
PRODUCT_ABC_DESKTOP_EN_CHAT,Wednesday,15:30:00,0.03248483522509732
PRODUCT_ABC_DESKTOP_EN_CHAT,Wednesday,16:00:00,0.02635090308966795
PRODUCT_ABC_DESKTOP_EN_CHAT,Wednesday,16:30:00,0.02121666418895968
PRODUCT_ABC_DESKTOP_EN_CHAT,Wednesday,17:00:00,0.0185942357764189
PRODUCT_ABC_DESKTOP_EN_CHAT,Wednesday,17:30:00,0.012717522564652212
PRODUCT_ABC_DESKTOP_EN_CHAT,Wednesday,18:00:00,0.0
PRODUCT_ABC_DESKTOP_EN_CHAT,Wednesday,18:30:00,0.0
PRODUCT_ABC_DESKTOP_EN_CHAT,Wednesday,19:00:00,0.0
PRODUCT_ABC_DESKTOP_EN_CHAT,Wednesday,19:30:00,0.0
PRODUCT_ABC_DESKTOP_EN_CHAT,Wednesday,20:00:00,0.0
PRODUCT_ABC_DESKTOP_EN_CHAT,Wednesday,20:30:00,0.0
PRODUCT_ABC_DESKTOP_EN_CHAT,Wednesday,21:00:00,0.0
PRODUCT_ABC_DESKTOP_EN_CHAT,Wednesday,21:30:00,0.0
PRODUCT_ABC_DESKTOP_EN_CHAT,Wednesday,22:00:00,0.0
PRODUCT_ABC_DESKTOP_EN_CHAT,Wednesday,22:30:00,0.0
PRODUCT_ABC_DESKTOP_EN_CHAT,Wednesday,23:00:00,0.0
PRODUCT_ABC_DESKTOP_EN_CHAT,Wednesday,23:30:00,0.0
PRODUCT_ABC_DESKTOP_EN_CHAT,Thursday,00:00:00,0.0
PRODUCT_ABC_DESKTOP_EN_CHAT,Thursday,00:30:00,0.0
PRODUCT_ABC_DESKTOP_EN_CHAT,Thursday,01:00:00,0.0
PRODUCT_ABC_DESKTOP_EN_CHAT,Thursday,01:30:00,0.0
PRODUCT_ABC_DESKTOP_EN_CHAT,Thursday,02:00:00,0.0
PRODUCT_ABC_DESKTOP_EN_CHAT,Thursday,02:30:00,0.0
PRODUCT_ABC_DESKTOP_EN_CHAT,Thursday,03:00:00,0.0
PRODUCT_ABC_DESKTOP_EN_CHAT,Thursday,03:30:00,0.0
PRODUCT_ABC_DESKTOP_EN_CHAT,Thursday,04:00:00,0.0
PRODUCT_ABC_DESKTOP_EN_CHAT,Thursday,04:30:00,0.0
PRODUCT_ABC_DESKTOP_EN_CHAT,Thursday,05:00:00,0.0
PRODUCT_ABC_DESKTOP_EN_CHAT,Thursday,05:30:00,0.0
PRODUCT_ABC_DESKTOP_EN_CHAT,Thursday,06:00:00,0.0
PRODUCT_ABC_DESKTOP_EN_CHAT,Thursday,06:30:00,0.0
PRODUCT_ABC_DESKTOP_EN_CHAT,Thursday,07:00:00,0.0
PRODUCT_ABC_DESKTOP_EN_CHAT,Thursday,07:30:00,0.0
PRODUCT_ABC_DESKTOP_EN_CHAT,Thursday,08:00:00,0.009766049004467226
PRODUCT_ABC_DESKTOP_EN_CHAT,Thursday,08:30:00,0.015228429646826866
PRODUCT_ABC_DESKTOP_EN_CHAT,Thursday,09:00:00,0.029754891800743557
PRODUCT_ABC_DESKTOP_EN_CHAT,Thursday,09:30:00,0.04350818170386465
PRODUCT_ABC_DESKTOP_EN_CHAT,Thursday,10:00:00,0.060496020247949304
PRODUCT_ABC_DESKTOP_EN_CHAT,Thursday,10:30:00,0.079977990468345
PRODUCT_ABC_DESKTOP_EN_CHAT,Thursday,11:00:00,0.09628611943903793
PRODUCT_ABC_DESKTOP_EN_CHAT,Thursday,11:30:00,0.10245970238479478
PRODUCT_ABC_DESKTOP_EN_CHAT,Thursday,12:00:00,0.11176068325153402
PRODUCT_ABC_DESKTOP_EN_CHAT,Thursday,12:30:00,0.09962416064592217
PRODUCT_ABC_DESKTOP_EN_CHAT,Thursday,13:00:00,0.09058652169254086
PRODUCT_ABC_DESKTOP_EN_CHAT,Thursday,13:30:00,0.07303190231159071
PRODUCT_ABC_DESKTOP_EN_CHAT,Thursday,14:00:00,0.05990763019208426
PRODUCT_ABC_DESKTOP_EN_CHAT,Thursday,14:30:00,0.044846244371730154
PRODUCT_ABC_DESKTOP_EN_CHAT,Thursday,15:00:00,0.0321172979440311
PRODUCT_ABC_DESKTOP_EN_CHAT,Thursday,15:30:00,0.017095115977399565
PRODUCT_ABC_DESKTOP_EN_CHAT,Thursday,16:00:00,0.015906993605114023
PRODUCT_ABC_DESKTOP_EN_CHAT,Thursday,16:30:00,0.00968424340110655
PRODUCT_ABC_DESKTOP_EN_CHAT,Thursday,17:00:00,0.0021742607228648625
PRODUCT_ABC_DESKTOP_EN_CHAT,Thursday,17:30:00,0.005787561188052299
PRODUCT_ABC_DESKTOP_EN_CHAT,Thursday,18:00:00,0.0
PRODUCT_ABC_DESKTOP_EN_CHAT,Thursday,18:30:00,0.0
PRODUCT_ABC_DESKTOP_EN_CHAT,Thursday,19:00:00,0.0
PRODUCT_ABC_DESKTOP_EN_CHAT,Thursday,19:30:00,0.0
PRODUCT_ABC_DESKTOP_EN_CHAT,Thursday,20:00:00,0.0
PRODUCT_ABC_DESKTOP_EN_CHAT,Thursday,20:30:00,0.0
PRODUCT_ABC_DESKTOP_EN_CHAT,Thursday,21:00:00,0.0
PRODUCT_ABC_DESKTOP_EN_CHAT,Thursday,21:30:00,0.0
PRODUCT_ABC_DESKTOP_EN_CHAT,Thursday,22:00:00,0.0
PRODUCT_ABC_DESKTOP_EN_CHAT,Thursday,22:30:00,0.0
PRODUCT_ABC_DESKTOP_EN_CHAT,Thursday,23:00:00,0.0
PRODUCT_ABC_DESKTOP_EN_CHAT,Thursday,23:30:00,0.0
PRODUCT_ABC_DESKTOP_EN_CHAT,Friday,00:00:00,0.0
PRODUCT_ABC_DESKTOP_EN_CHAT,Friday,00:30:00,0.0
PRODUCT_ABC_DESKTOP_EN_CHAT,Friday,01:00:00,0.0
PRODUCT_ABC_DESKTOP_EN_CHAT,Friday,01:30:00,0.0
PRODUCT_ABC_DESKTOP_EN_CHAT,Friday,02:00:00,0.0
PRODUCT_ABC_DESKTOP_EN_CHAT,Friday,02:30:00,0.0
PRODUCT_ABC_DESKTOP_EN_CHAT,Friday,03:00:00,0.0
PRODUCT_ABC_DESKTOP_EN_CHAT,Friday,03:30:00,0.0
PRODUCT_ABC_DESKTOP_EN_CHAT,Friday,04:00:00,0.0
PRODUCT_ABC_DESKTOP_EN_CHAT,Friday,04:30:00,0.0
PRODUCT_ABC_DESKTOP_EN_CHAT,Friday,05:00:00,0.0
PRODUCT_ABC_DESKTOP_EN_CHAT,Friday,05:30:00,0.0
PRODUCT_ABC_DESKTOP_EN_CHAT,Friday,06:00:00,0.0
PRODUCT_ABC_DESKTOP_EN_CHAT,Friday,06:30:00,0.0
PRODUCT_ABC_DESKTOP_EN_CHAT,Friday,07:00:00,0.0
PRODUCT_ABC_DESKTOP_EN_CHAT,Friday,07:30:00,0.0
PRODUCT_ABC_DESKTOP_EN_CHAT,Friday,08:00:00,0.016490205357470613
PRODUCT_ABC_DESKTOP_EN_CHAT,Friday,08:30:00,0.031011898906358693
PRODUCT_ABC_DESKTOP_EN_CHAT,Friday,09:00:00,0.04554581017951075
PRODUCT_ABC_DESKTOP_EN_CHAT,Friday,09:30:00,0.06231899460702796
PRODUCT_ABC_DESKTOP_EN_CHAT,Friday,10:00:00,0.07748487406593846
PRODUCT_ABC_DESKTOP_EN_CHAT,Friday,10:30:00,0.09210225801402043
PRODUCT_ABC_DESKTOP_EN_CHAT,Friday,11:00:00,0.09253177884975405
PRODUCT_ABC_DESKTOP_EN_CHAT,Friday,11:30:00,0.0896970943383132
PRODUCT_ABC_DESKTOP_EN_CHAT,Friday,12:00:00,0.08081020482237643
PRODUCT_ABC_DESKTOP_EN_CHAT,Friday,12:30:00,0.06958053651279733
PRODUCT_ABC_DESKTOP_EN_CHAT,Friday,13:00:00,0.06268448785039098
PRODUCT_ABC_DESKTOP_EN_CHAT,Friday,13:30:00,0.05463378254482662
PRODUCT_ABC_DESKTOP_EN_CHAT,Friday,14:00:00,0.05018656235487383
PRODUCT_ABC_DESKTOP_EN_CHAT,Friday,14:30:00,0.04329378675982387
PRODUCT_ABC_DESKTOP_EN_CHAT,Friday,15:00:00,0.03466773197688172
PRODUCT_ABC_DESKTOP_EN_CHAT,Friday,15:30:00,0.030702850693491032
PRODUCT_ABC_DESKTOP_EN_CHAT,Friday,16:00:00,0.02504736383758712
PRODUCT_ABC_DESKTOP_EN_CHAT,Friday,16:30:00,0.019747517676508945
PRODUCT_ABC_DESKTOP_EN_CHAT,Friday,17:00:00,0.013105800202122141
PRODUCT_ABC_DESKTOP_EN_CHAT,Friday,17:30:00,0.008356460449925896
PRODUCT_ABC_DESKTOP_EN_CHAT,Friday,18:00:00,0.0
PRODUCT_ABC_DESKTOP_EN_CHAT,Friday,18:30:00,0.0
PRODUCT_ABC_DESKTOP_EN_CHAT,Friday,19:00:00,0.0
PRODUCT_ABC_DESKTOP_EN_CHAT,Friday,19:30:00,0.0
PRODUCT_ABC_DESKTOP_EN_CHAT,Friday,20:00:00,0.0
PRODUCT_ABC_DESKTOP_EN_CHAT,Friday,20:30:00,0.0
PRODUCT_ABC_DESKTOP_EN_CHAT,Friday,21:00:00,0.0
PRODUCT_ABC_DESKTOP_EN_CHAT,Friday,21:30:00,0.0
PRODUCT_ABC_DESKTOP_EN_CHAT,Friday,22:00:00,0.0
PRODUCT_ABC_DESKTOP_EN_CHAT,Friday,22:30:00,0.0
PRODUCT_ABC_DESKTOP_EN_CHAT,Friday,23:00:00,0.0
PRODUCT_ABC_DESKTOP_EN_CHAT,Friday,23:30:00,0.0
PRODUCT_ABC_DESKTOP_EN_CHAT,Saturday,00:00:00,0.0
PRODUCT_ABC_DESKTOP_EN_CHAT,Saturday,00:30:00,0.0
PRODUCT_ABC_DESKTOP_EN_CHAT,Saturday,01:00:00,0.0
PRODUCT_ABC_DESKTOP_EN_CHAT,Saturday,01:30:00,0.0
PRODUCT_ABC_DESKTOP_EN_CHAT,Saturday,02:00:00,0.0
PRODUCT_ABC_DESKTOP_EN_CHAT,Saturday,02:30:00,0.0
PRODUCT_ABC_DESKTOP_EN_CHAT,Saturday,03:00:00,0.0
PRODUCT_ABC_DESKTOP_EN_CHAT,Saturday,03:30:00,0.0
PRODUCT_ABC_DESKTOP_EN_CHAT,Saturday,04:00:00,0.0
PRODUCT_ABC_DESKTOP_EN_CHAT,Saturday,04:30:00,0.0
PRODUCT_ABC_DESKTOP_EN_CHAT,Saturday,05:00:00,0.0
PRODUCT_ABC_DESKTOP_EN_CHAT,Saturday,05:30:00,0.0
PRODUCT_ABC_DESKTOP_EN_CHAT,Saturday,06:00:00,0.0
PRODUCT_ABC_DESKTOP_EN_CHAT,Saturday,06:30:00,0.0
PRODUCT_ABC_DESKTOP_EN_CHAT,Saturday,07:00:00,0.0
PRODUCT_ABC_DESKTOP_EN_CHAT,Saturday,07:30:00,0.0
PRODUCT_ABC_DESKTOP_EN_CHAT,Saturday,08:00:00,0.011735878533428933
PRODUCT_ABC_DESKTOP_EN_CHAT,Saturday,08:30:00,0.01939831038434049
PRODUCT_ABC_DESKTOP_EN_CHAT,Saturday,09:00:00,0.03445311360781062
PRODUCT_ABC_DESKTOP_EN_CHAT,Saturday,09:30:00,0.046212657616860615
PRODUCT_ABC_DESKTOP_EN_CHAT,Saturday,10:00:00,0.05961967130751319
PRODUCT_ABC_DESKTOP_EN_CHAT,Saturday,10:30:00,0.07365827232623885
PRODUCT_ABC_DESKTOP_EN_CHAT,Saturday,11:00:00,0.08672591895617357
PRODUCT_ABC_DESKTOP_EN_CHAT,Saturday,11:30:00,0.0915363347923343
PRODUCT_ABC_DESKTOP_EN_CHAT,Saturday,12:00:00,0.09186126060755717
PRODUCT_ABC_DESKTOP_EN_CHAT,Saturday,12:30:00,0.09083396344482637
PRODUCT_ABC_DESKTOP_EN_CHAT,Saturday,13:00:00,0.08022303497866214
PRODUCT_ABC_DESKTOP_EN_CHAT,Saturday,13:30:00,0.06906357067387062
PRODUCT_ABC_DESKTOP_EN_CHAT,Saturday,14:00:00,0.059410297368198674
PRODUCT_ABC_DESKTOP_EN_CHAT,Saturday,14:30:00,0.047948184111917785
PRODUCT_ABC_DESKTOP_EN_CHAT,Saturday,15:00:00,0.03970938724175986
PRODUCT_ABC_DESKTOP_EN_CHAT,Saturday,15:30:00,0.03431539429700134
PRODUCT_ABC_DESKTOP_EN_CHAT,Saturday,16:00:00,0.02426651025634895
PRODUCT_ABC_DESKTOP_EN_CHAT,Saturday,16:30:00,0.017296342744754004
PRODUCT_ABC_DESKTOP_EN_CHAT,Saturday,17:00:00,0.011439586647927253
PRODUCT_ABC_DESKTOP_EN_CHAT,Saturday,17:30:00,0.010292310102475383
PRODUCT_ABC_DESKTOP_EN_CHAT,Saturday,18:00:00,0.0
PRODUCT_ABC_DESKTOP_EN_CHAT,Saturday,18:30:00,0.0
PRODUCT_ABC_DESKTOP_EN_CHAT,Saturday,19:00:00,0.0
PRODUCT_ABC_DESKTOP_EN_CHAT,Saturday,19:30:00,0.0
PRODUCT_ABC_DESKTOP_EN_CHAT,Saturday,20:00:00,0.0
PRODUCT_ABC_DESKTOP_EN_CHAT,Saturday,20:30:00,0.0
PRODUCT_ABC_DESKTOP_EN_CHAT,Saturday,21:00:00,0.0
PRODUCT_ABC_DESKTOP_EN_CHAT,Saturday,21:30:00,0.0
PRODUCT_ABC_DESKTOP_EN_CHAT,Saturday,22:00:00,0.0
PRODUCT_ABC_DESKTOP_EN_CHAT,Saturday,22:30:00,0.0
PRODUCT_ABC_DESKTOP_EN_CHAT,Saturday,23:00:00,0.0
PRODUCT_ABC_DESKTOP_EN_CHAT,Saturday,23:30:00,0.0
PRODUCT_ABC_DESKTOP_EN_CHAT,Sunday,00:00:00,0.0
PRODUCT_ABC_DESKTOP_EN_CHAT,Sunday,00:30:00,0.0
PRODUCT_ABC_DESKTOP_EN_CHAT,Sunday,01:00:00,0.0
PRODUCT_ABC_DESKTOP_EN_CHAT,Sunday,01:30:00,0.0
PRODUCT_ABC_DESKTOP_EN_CHAT,Sunday,02:00:00,0.0
PRODUCT_ABC_DESKTOP_EN_CHAT,Sunday,02:30:00,0.0
PRODUCT_ABC_DESKTOP_EN_CHAT,Sunday,03:00:00,0.0
PRODUCT_ABC_DESKTOP_EN_CHAT,Sunday,03:30:00,0.0
PRODUCT_ABC_DESKTOP_EN_CHAT,Sunday,04:00:00,0.0
PRODUCT_ABC_DESKTOP_EN_CHAT,Sunday,04:30:00,0.0
PRODUCT_ABC_DESKTOP_EN_CHAT,Sunday,05:00:00,0.0
PRODUCT_ABC_DESKTOP_EN_CHAT,Sunday,05:30:00,0.0
PRODUCT_ABC_DESKTOP_EN_CHAT,Sunday,06:00:00,0.0
PRODUCT_ABC_DESKTOP_EN_CHAT,Sunday,06:30:00,0.0
PRODUCT_ABC_DESKTOP_EN_CHAT,Sunday,07:00:00,0.0
PRODUCT_ABC_DESKTOP_EN_CHAT,Sunday,07:30:00,0.0
PRODUCT_ABC_DESKTOP_EN_CHAT,Sunday,08:00:00,0.020948141321704455
PRODUCT_ABC_DESKTOP_EN_CHAT,Sunday,08:30:00,0.031682967697873037
PRODUCT_ABC_DESKTOP_EN_CHAT,Sunday,09:00:00,0.0442570649956529
PRODUCT_ABC_DESKTOP_EN_CHAT,Sunday,09:30:00,0.06239981279565265
PRODUCT_ABC_DESKTOP_EN_CHAT,Sunday,10:00:00,0.07655065092011597
PRODUCT_ABC_DESKTOP_EN_CHAT,Sunday,10:30:00,0.08873689983511517
PRODUCT_ABC_DESKTOP_EN_CHAT,Sunday,11:00:00,0.09722451356616583
PRODUCT_ABC_DESKTOP_EN_CHAT,Sunday,11:30:00,0.09680906724513097
PRODUCT_ABC_DESKTOP_EN_CHAT,Sunday,12:00:00,0.08836422885487201
PRODUCT_ABC_DESKTOP_EN_CHAT,Sunday,12:30:00,0.08098375833992146
PRODUCT_ABC_DESKTOP_EN_CHAT,Sunday,13:00:00,0.06758101195410487
PRODUCT_ABC_DESKTOP_EN_CHAT,Sunday,13:30:00,0.05504663032618815
PRODUCT_ABC_DESKTOP_EN_CHAT,Sunday,14:00:00,0.04357773371080601
PRODUCT_ABC_DESKTOP_EN_CHAT,Sunday,14:30:00,0.03525460187274624
PRODUCT_ABC_DESKTOP_EN_CHAT,Sunday,15:00:00,0.03111736924927825
PRODUCT_ABC_DESKTOP_EN_CHAT,Sunday,15:30:00,0.020983967261976984
PRODUCT_ABC_DESKTOP_EN_CHAT,Sunday,16:00:00,0.02154841772235525
PRODUCT_ABC_DESKTOP_EN_CHAT,Sunday,16:30:00,0.015756370362192844
PRODUCT_ABC_DESKTOP_EN_CHAT,Sunday,17:00:00,0.010588110371779686
PRODUCT_ABC_DESKTOP_EN_CHAT,Sunday,17:30:00,0.010588681596367453
PRODUCT_ABC_DESKTOP_EN_CHAT,Sunday,18:00:00,0.0
PRODUCT_ABC_DESKTOP_EN_CHAT,Sunday,18:30:00,0.0
PRODUCT_ABC_DESKTOP_EN_CHAT,Sunday,19:00:00,0.0
PRODUCT_ABC_DESKTOP_EN_CHAT,Sunday,19:30:00,0.0
PRODUCT_ABC_DESKTOP_EN_CHAT,Sunday,20:00:00,0.0
PRODUCT_ABC_DESKTOP_EN_CHAT,Sunday,20:30:00,0.0
PRODUCT_ABC_DESKTOP_EN_CHAT,Sunday,21:00:00,0.0
PRODUCT_ABC_DESKTOP_EN_CHAT,Sunday,21:30:00,0.0
PRODUCT_ABC_DESKTOP_EN_CHAT,Sunday,22:00:00,0.0
PRODUCT_ABC_DESKTOP_EN_CHAT,Sunday,22:30:00,0.0
PRODUCT_ABC_DESKTOP_EN_CHAT,Sunday,23:00:00,0.0
PRODUCT_ABC_DESKTOP_EN_CHAT,Sunday,23:30:00,0.0
PRODUCT_ABC_DESKTOP_EN_PHN,Monday,00:00:00,0.0
PRODUCT_ABC_DESKTOP_EN_PHN,Monday,00:30:00,0.0
PRODUCT_ABC_DESKTOP_EN_PHN,Monday,01:00:00,0.0
PRODUCT_ABC_DESKTOP_EN_PHN,Monday,01:30:00,0.0
PRODUCT_ABC_DESKTOP_EN_PHN,Monday,02:00:00,0.0
PRODUCT_ABC_DESKTOP_EN_PHN,Monday,02:30:00,0.0
PRODUCT_ABC_DESKTOP_EN_PHN,Monday,03:00:00,0.0
PRODUCT_ABC_DESKTOP_EN_PHN,Monday,03:30:00,0.0
PRODUCT_ABC_DESKTOP_EN_PHN,Monday,04:00:00,0.0
PRODUCT_ABC_DESKTOP_EN_PHN,Monday,04:30:00,0.0
PRODUCT_ABC_DESKTOP_EN_PHN,Monday,05:00:00,0.0
PRODUCT_ABC_DESKTOP_EN_PHN,Monday,05:30:00,0.0
PRODUCT_ABC_DESKTOP_EN_PHN,Monday,06:00:00,0.0
PRODUCT_ABC_DESKTOP_EN_PHN,Monday,06:30:00,0.0
PRODUCT_ABC_DESKTOP_EN_PHN,Monday,07:00:00,0.0
PRODUCT_ABC_DESKTOP_EN_PHN,Monday,07:30:00,0.0
PRODUCT_ABC_DESKTOP_EN_PHN,Monday,08:00:00,0.026927235180667655
PRODUCT_ABC_DESKTOP_EN_PHN,Monday,08:30:00,0.041459114832403665
PRODUCT_ABC_DESKTOP_EN_PHN,Monday,09:00:00,0.05564327105222298
PRODUCT_ABC_DESKTOP_EN_PHN,Monday,09:30:00,0.06713627739138255
PRODUCT_ABC_DESKTOP_EN_PHN,Monday,10:00:00,0.08293381433219792
PRODUCT_ABC_DESKTOP_EN_PHN,Monday,10:30:00,0.08195616975404467
PRODUCT_ABC_DESKTOP_EN_PHN,Monday,11:00:00,0.08120929391833653
PRODUCT_ABC_DESKTOP_EN_PHN,Monday,11:30:00,0.07095773768852301
PRODUCT_ABC_DESKTOP_EN_PHN,Monday,12:00:00,0.06420168400908441
PRODUCT_ABC_DESKTOP_EN_PHN,Monday,12:30:00,0.05924074824826924
PRODUCT_ABC_DESKTOP_EN_PHN,Monday,13:00:00,0.05506294803887871
PRODUCT_ABC_DESKTOP_EN_PHN,Monday,13:30:00,0.05520861006545585
PRODUCT_ABC_DESKTOP_EN_PHN,Monday,14:00:00,0.04651397672466393
PRODUCT_ABC_DESKTOP_EN_PHN,Monday,14:30:00,0.044702878686016884
PRODUCT_ABC_DESKTOP_EN_PHN,Monday,15:00:00,0.04142584640937534
PRODUCT_ABC_DESKTOP_EN_PHN,Monday,15:30:00,0.03639005623191308
PRODUCT_ABC_DESKTOP_EN_PHN,Monday,16:00:00,0.03008930668336947
PRODUCT_ABC_DESKTOP_EN_PHN,Monday,16:30:00,0.02468506097229885
PRODUCT_ABC_DESKTOP_EN_PHN,Monday,17:00:00,0.020683944712373312
PRODUCT_ABC_DESKTOP_EN_PHN,Monday,17:30:00,0.013572025068521901
PRODUCT_ABC_DESKTOP_EN_PHN,Monday,18:00:00,0.0
PRODUCT_ABC_DESKTOP_EN_PHN,Monday,18:30:00,0.0
PRODUCT_ABC_DESKTOP_EN_PHN,Monday,19:00:00,0.0
PRODUCT_ABC_DESKTOP_EN_PHN,Monday,19:30:00,0.0
PRODUCT_ABC_DESKTOP_EN_PHN,Monday,20:00:00,0.0
PRODUCT_ABC_DESKTOP_EN_PHN,Monday,20:30:00,0.0
PRODUCT_ABC_DESKTOP_EN_PHN,Monday,21:00:00,0.0
PRODUCT_ABC_DESKTOP_EN_PHN,Monday,21:30:00,0.0
PRODUCT_ABC_DESKTOP_EN_PHN,Monday,22:00:00,0.0
PRODUCT_ABC_DESKTOP_EN_PHN,Monday,22:30:00,0.0
PRODUCT_ABC_DESKTOP_EN_PHN,Monday,23:00:00,0.0
PRODUCT_ABC_DESKTOP_EN_PHN,Monday,23:30:00,0.0
PRODUCT_ABC_DESKTOP_EN_PHN,Tuesday,00:00:00,0.0
PRODUCT_ABC_DESKTOP_EN_PHN,Tuesday,00:30:00,0.0
PRODUCT_ABC_DESKTOP_EN_PHN,Tuesday,01:00:00,0.0
PRODUCT_ABC_DESKTOP_EN_PHN,Tuesday,01:30:00,0.0
PRODUCT_ABC_DESKTOP_EN_PHN,Tuesday,02:00:00,0.0
PRODUCT_ABC_DESKTOP_EN_PHN,Tuesday,02:30:00,0.0
PRODUCT_ABC_DESKTOP_EN_PHN,Tuesday,03:00:00,0.0
PRODUCT_ABC_DESKTOP_EN_PHN,Tuesday,03:30:00,0.0
PRODUCT_ABC_DESKTOP_EN_PHN,Tuesday,04:00:00,0.0
PRODUCT_ABC_DESKTOP_EN_PHN,Tuesday,04:30:00,0.0
PRODUCT_ABC_DESKTOP_EN_PHN,Tuesday,05:00:00,0.0
PRODUCT_ABC_DESKTOP_EN_PHN,Tuesday,05:30:00,0.0
PRODUCT_ABC_DESKTOP_EN_PHN,Tuesday,06:00:00,0.0
PRODUCT_ABC_DESKTOP_EN_PHN,Tuesday,06:30:00,0.0
PRODUCT_ABC_DESKTOP_EN_PHN,Tuesday,07:00:00,0.0
PRODUCT_ABC_DESKTOP_EN_PHN,Tuesday,07:30:00,0.0
PRODUCT_ABC_DESKTOP_EN_PHN,Tuesday,08:00:00,0.00695979031914014
PRODUCT_ABC_DESKTOP_EN_PHN,Tuesday,08:30:00,0.018615107022590078
PRODUCT_ABC_DESKTOP_EN_PHN,Tuesday,09:00:00,0.02926582784836301
PRODUCT_ABC_DESKTOP_EN_PHN,Tuesday,09:30:00,0.04387615705296777
PRODUCT_ABC_DESKTOP_EN_PHN,Tuesday,10:00:00,0.058896418299548864
PRODUCT_ABC_DESKTOP_EN_PHN,Tuesday,10:30:00,0.07757941690502333
PRODUCT_ABC_DESKTOP_EN_PHN,Tuesday,11:00:00,0.08995337034953914
PRODUCT_ABC_DESKTOP_EN_PHN,Tuesday,11:30:00,0.09985193515776614
PRODUCT_ABC_DESKTOP_EN_PHN,Tuesday,12:00:00,0.10060470527539625
PRODUCT_ABC_DESKTOP_EN_PHN,Tuesday,12:30:00,0.09483963647663579
PRODUCT_ABC_DESKTOP_EN_PHN,Tuesday,13:00:00,0.0812925114917957
PRODUCT_ABC_DESKTOP_EN_PHN,Tuesday,13:30:00,0.0698161840265616
PRODUCT_ABC_DESKTOP_EN_PHN,Tuesday,14:00:00,0.05528232954906739
PRODUCT_ABC_DESKTOP_EN_PHN,Tuesday,14:30:00,0.0480037497411009
PRODUCT_ABC_DESKTOP_EN_PHN,Tuesday,15:00:00,0.036461582224215035
PRODUCT_ABC_DESKTOP_EN_PHN,Tuesday,15:30:00,0.03153647380054643
PRODUCT_ABC_DESKTOP_EN_PHN,Tuesday,16:00:00,0.021588981114117636
PRODUCT_ABC_DESKTOP_EN_PHN,Tuesday,16:30:00,0.017233973825957295
PRODUCT_ABC_DESKTOP_EN_PHN,Tuesday,17:00:00,0.010782220950866445
PRODUCT_ABC_DESKTOP_EN_PHN,Tuesday,17:30:00,0.007559628568801098
PRODUCT_ABC_DESKTOP_EN_PHN,Tuesday,18:00:00,0.0
PRODUCT_ABC_DESKTOP_EN_PHN,Tuesday,18:30:00,0.0
PRODUCT_ABC_DESKTOP_EN_PHN,Tuesday,19:00:00,0.0
PRODUCT_ABC_DESKTOP_EN_PHN,Tuesday,19:30:00,0.0
PRODUCT_ABC_DESKTOP_EN_PHN,Tuesday,20:00:00,0.0
PRODUCT_ABC_DESKTOP_EN_PHN,Tuesday,20:30:00,0.0
PRODUCT_ABC_DESKTOP_EN_PHN,Tuesday,21:00:00,0.0
PRODUCT_ABC_DESKTOP_EN_PHN,Tuesday,21:30:00,0.0
PRODUCT_ABC_DESKTOP_EN_PHN,Tuesday,22:00:00,0.0
PRODUCT_ABC_DESKTOP_EN_PHN,Tuesday,22:30:00,0.0
PRODUCT_ABC_DESKTOP_EN_PHN,Tuesday,23:00:00,0.0
PRODUCT_ABC_DESKTOP_EN_PHN,Tuesday,23:30:00,0.0
PRODUCT_ABC_DESKTOP_EN_PHN,Wednesday,00:00:00,0.0
PRODUCT_ABC_DESKTOP_EN_PHN,Wednesday,00:30:00,0.0
PRODUCT_ABC_DESKTOP_EN_PHN,Wednesday,01:00:00,0.0
PRODUCT_ABC_DESKTOP_EN_PHN,Wednesday,01:30:00,0.0
PRODUCT_ABC_DESKTOP_EN_PHN,Wednesday,02:00:00,0.0
PRODUCT_ABC_DESKTOP_EN_PHN,Wednesday,02:30:00,0.0
PRODUCT_ABC_DESKTOP_EN_PHN,Wednesday,03:00:00,0.0
PRODUCT_ABC_DESKTOP_EN_PHN,Wednesday,03:30:00,0.0
PRODUCT_ABC_DESKTOP_EN_PHN,Wednesday,04:00:00,0.0
PRODUCT_ABC_DESKTOP_EN_PHN,Wednesday,04:30:00,0.0
PRODUCT_ABC_DESKTOP_EN_PHN,Wednesday,05:00:00,0.0
PRODUCT_ABC_DESKTOP_EN_PHN,Wednesday,05:30:00,0.0
PRODUCT_ABC_DESKTOP_EN_PHN,Wednesday,06:00:00,0.0
PRODUCT_ABC_DESKTOP_EN_PHN,Wednesday,06:30:00,0.0
PRODUCT_ABC_DESKTOP_EN_PHN,Wednesday,07:00:00,0.0
PRODUCT_ABC_DESKTOP_EN_PHN,Wednesday,07:30:00,0.0
PRODUCT_ABC_DESKTOP_EN_PHN,Wednesday,08:00:00,0.01700025079964176
PRODUCT_ABC_DESKTOP_EN_PHN,Wednesday,08:30:00,0.02467337542599453
PRODUCT_ABC_DESKTOP_EN_PHN,Wednesday,09:00:00,0.03518013455507979
PRODUCT_ABC_DESKTOP_EN_PHN,Wednesday,09:30:00,0.048088510554504166
PRODUCT_ABC_DESKTOP_EN_PHN,Wednesday,10:00:00,0.0654632245809825
PRODUCT_ABC_DESKTOP_EN_PHN,Wednesday,10:30:00,0.07896568981847935
PRODUCT_ABC_DESKTOP_EN_PHN,Wednesday,11:00:00,0.08794771550935221
PRODUCT_ABC_DESKTOP_EN_PHN,Wednesday,11:30:00,0.09247444000027395
PRODUCT_ABC_DESKTOP_EN_PHN,Wednesday,12:00:00,0.0908716978181053
PRODUCT_ABC_DESKTOP_EN_PHN,Wednesday,12:30:00,0.08317337390574323
PRODUCT_ABC_DESKTOP_EN_PHN,Wednesday,13:00:00,0.06956341852202305
PRODUCT_ABC_DESKTOP_EN_PHN,Wednesday,13:30:00,0.0601643789753074
PRODUCT_ABC_DESKTOP_EN_PHN,Wednesday,14:00:00,0.05189376966293362
PRODUCT_ABC_DESKTOP_EN_PHN,Wednesday,14:30:00,0.04306399116412813
PRODUCT_ABC_DESKTOP_EN_PHN,Wednesday,15:00:00,0.03991303474864456
PRODUCT_ABC_DESKTOP_EN_PHN,Wednesday,15:30:00,0.03291899568228943
PRODUCT_ABC_DESKTOP_EN_PHN,Wednesday,16:00:00,0.026872180449920423
PRODUCT_ABC_DESKTOP_EN_PHN,Wednesday,16:30:00,0.02258463605550879
PRODUCT_ABC_DESKTOP_EN_PHN,Wednesday,17:00:00,0.016412326695137376
PRODUCT_ABC_DESKTOP_EN_PHN,Wednesday,17:30:00,0.012774855075950376
PRODUCT_ABC_DESKTOP_EN_PHN,Wednesday,18:00:00,0.0
PRODUCT_ABC_DESKTOP_EN_PHN,Wednesday,18:30:00,0.0
PRODUCT_ABC_DESKTOP_EN_PHN,Wednesday,19:00:00,0.0
PRODUCT_ABC_DESKTOP_EN_PHN,Wednesday,19:30:00,0.0
PRODUCT_ABC_DESKTOP_EN_PHN,Wednesday,20:00:00,0.0
PRODUCT_ABC_DESKTOP_EN_PHN,Wednesday,20:30:00,0.0
PRODUCT_ABC_DESKTOP_EN_PHN,Wednesday,21:00:00,0.0
PRODUCT_ABC_DESKTOP_EN_PHN,Wednesday,21:30:00,0.0
PRODUCT_ABC_DESKTOP_EN_PHN,Wednesday,22:00:00,0.0
PRODUCT_ABC_DESKTOP_EN_PHN,Wednesday,22:30:00,0.0
PRODUCT_ABC_DESKTOP_EN_PHN,Wednesday,23:00:00,0.0
PRODUCT_ABC_DESKTOP_EN_PHN,Wednesday,23:30:00,0.0
PRODUCT_ABC_DESKTOP_EN_PHN,Thursday,00:00:00,0.0
PRODUCT_ABC_DESKTOP_EN_PHN,Thursday,00:30:00,0.0
PRODUCT_ABC_DESKTOP_EN_PHN,Thursday,01:00:00,0.0
PRODUCT_ABC_DESKTOP_EN_PHN,Thursday,01:30:00,0.0
PRODUCT_ABC_DESKTOP_EN_PHN,Thursday,02:00:00,0.0
PRODUCT_ABC_DESKTOP_EN_PHN,Thursday,02:30:00,0.0
PRODUCT_ABC_DESKTOP_EN_PHN,Thursday,03:00:00,0.0
PRODUCT_ABC_DESKTOP_EN_PHN,Thursday,03:30:00,0.0
PRODUCT_ABC_DESKTOP_EN_PHN,Thursday,04:00:00,0.0
PRODUCT_ABC_DESKTOP_EN_PHN,Thursday,04:30:00,0.0
PRODUCT_ABC_DESKTOP_EN_PHN,Thursday,05:00:00,0.0
PRODUCT_ABC_DESKTOP_EN_PHN,Thursday,05:30:00,0.0
PRODUCT_ABC_DESKTOP_EN_PHN,Thursday,06:00:00,0.0
PRODUCT_ABC_DESKTOP_EN_PHN,Thursday,06:30:00,0.0
PRODUCT_ABC_DESKTOP_EN_PHN,Thursday,07:00:00,0.0
PRODUCT_ABC_DESKTOP_EN_PHN,Thursday,07:30:00,0.0
PRODUCT_ABC_DESKTOP_EN_PHN,Thursday,08:00:00,0.024499199842661815
PRODUCT_ABC_DESKTOP_EN_PHN,Thursday,08:30:00,0.03564983419396752
PRODUCT_ABC_DESKTOP_EN_PHN,Thursday,09:00:00,0.0544531926406918
PRODUCT_ABC_DESKTOP_EN_PHN,Thursday,09:30:00,0.07311237746670428
PRODUCT_ABC_DESKTOP_EN_PHN,Thursday,10:00:00,0.08810738284368325
PRODUCT_ABC_DESKTOP_EN_PHN,Thursday,10:30:00,0.09495932420811631
PRODUCT_ABC_DESKTOP_EN_PHN,Thursday,11:00:00,0.09221097524183411
PRODUCT_ABC_DESKTOP_EN_PHN,Thursday,11:30:00,0.08502839385173742
PRODUCT_ABC_DESKTOP_EN_PHN,Thursday,12:00:00,0.08205639703905827
PRODUCT_ABC_DESKTOP_EN_PHN,Thursday,12:30:00,0.07204784095623577
PRODUCT_ABC_DESKTOP_EN_PHN,Thursday,13:00:00,0.06501579736320397
PRODUCT_ABC_DESKTOP_EN_PHN,Thursday,13:30:00,0.055109449643701805
PRODUCT_ABC_DESKTOP_EN_PHN,Thursday,14:00:00,0.048092117754399526
PRODUCT_ABC_DESKTOP_EN_PHN,Thursday,14:30:00,0.04203730162557773
PRODUCT_ABC_DESKTOP_EN_PHN,Thursday,15:00:00,0.02867802050374444
PRODUCT_ABC_DESKTOP_EN_PHN,Thursday,15:30:00,0.02287767691873138
PRODUCT_ABC_DESKTOP_EN_PHN,Thursday,16:00:00,0.013664322778797231
PRODUCT_ABC_DESKTOP_EN_PHN,Thursday,16:30:00,0.013056426605257
PRODUCT_ABC_DESKTOP_EN_PHN,Thursday,17:00:00,0.007021779450524226
PRODUCT_ABC_DESKTOP_EN_PHN,Thursday,17:30:00,0.002322189071371921
PRODUCT_ABC_DESKTOP_EN_PHN,Thursday,18:00:00,0.0
PRODUCT_ABC_DESKTOP_EN_PHN,Thursday,18:30:00,0.0
PRODUCT_ABC_DESKTOP_EN_PHN,Thursday,19:00:00,0.0
PRODUCT_ABC_DESKTOP_EN_PHN,Thursday,19:30:00,0.0
PRODUCT_ABC_DESKTOP_EN_PHN,Thursday,20:00:00,0.0
PRODUCT_ABC_DESKTOP_EN_PHN,Thursday,20:30:00,0.0
PRODUCT_ABC_DESKTOP_EN_PHN,Thursday,21:00:00,0.0
PRODUCT_ABC_DESKTOP_EN_PHN,Thursday,21:30:00,0.0
PRODUCT_ABC_DESKTOP_EN_PHN,Thursday,22:00:00,0.0
PRODUCT_ABC_DESKTOP_EN_PHN,Thursday,22:30:00,0.0
PRODUCT_ABC_DESKTOP_EN_PHN,Thursday,23:00:00,0.0
PRODUCT_ABC_DESKTOP_EN_PHN,Thursday,23:30:00,0.0
PRODUCT_ABC_DESKTOP_EN_PHN,Friday,00:00:00,0.0
PRODUCT_ABC_DESKTOP_EN_PHN,Friday,00:30:00,0.0
PRODUCT_ABC_DESKTOP_EN_PHN,Friday,01:00:00,0.0
PRODUCT_ABC_DESKTOP_EN_PHN,Friday,01:30:00,0.0
PRODUCT_ABC_DESKTOP_EN_PHN,Friday,02:00:00,0.0
PRODUCT_ABC_DESKTOP_EN_PHN,Friday,02:30:00,0.0
PRODUCT_ABC_DESKTOP_EN_PHN,Friday,03:00:00,0.0
PRODUCT_ABC_DESKTOP_EN_PHN,Friday,03:30:00,0.0
PRODUCT_ABC_DESKTOP_EN_PHN,Friday,04:00:00,0.0
PRODUCT_ABC_DESKTOP_EN_PHN,Friday,04:30:00,0.0
PRODUCT_ABC_DESKTOP_EN_PHN,Friday,05:00:00,0.0
PRODUCT_ABC_DESKTOP_EN_PHN,Friday,05:30:00,0.0
PRODUCT_ABC_DESKTOP_EN_PHN,Friday,06:00:00,0.0
PRODUCT_ABC_DESKTOP_EN_PHN,Friday,06:30:00,0.0
PRODUCT_ABC_DESKTOP_EN_PHN,Friday,07:00:00,0.0
PRODUCT_ABC_DESKTOP_EN_PHN,Friday,07:30:00,0.0
PRODUCT_ABC_DESKTOP_EN_PHN,Friday,08:00:00,0.016904256218103077
PRODUCT_ABC_DESKTOP_EN_PHN,Friday,08:30:00,0.023647317233949864
PRODUCT_ABC_DESKTOP_EN_PHN,Friday,09:00:00,0.036019766292976624
PRODUCT_ABC_DESKTOP_EN_PHN,Friday,09:30:00,0.05354093275890791
PRODUCT_ABC_DESKTOP_EN_PHN,Friday,10:00:00,0.0688559972428668
PRODUCT_ABC_DESKTOP_EN_PHN,Friday,10:30:00,0.08034986047686318
PRODUCT_ABC_DESKTOP_EN_PHN,Friday,11:00:00,0.08160348374005705
PRODUCT_ABC_DESKTOP_EN_PHN,Friday,11:30:00,0.08173526301185269
PRODUCT_ABC_DESKTOP_EN_PHN,Friday,12:00:00,0.07863944120425768
PRODUCT_ABC_DESKTOP_EN_PHN,Friday,12:30:00,0.06963912863980677
PRODUCT_ABC_DESKTOP_EN_PHN,Friday,13:00:00,0.06458871596513907
PRODUCT_ABC_DESKTOP_EN_PHN,Friday,13:30:00,0.05801445068743191
PRODUCT_ABC_DESKTOP_EN_PHN,Friday,14:00:00,0.049844115738397504
PRODUCT_ABC_DESKTOP_EN_PHN,Friday,14:30:00,0.0468634283685925
PRODUCT_ABC_DESKTOP_EN_PHN,Friday,15:00:00,0.04545100581831643
PRODUCT_ABC_DESKTOP_EN_PHN,Friday,15:30:00,0.035400734823343064
PRODUCT_ABC_DESKTOP_EN_PHN,Friday,16:00:00,0.035654284355604984
PRODUCT_ABC_DESKTOP_EN_PHN,Friday,16:30:00,0.028668609291245886
PRODUCT_ABC_DESKTOP_EN_PHN,Friday,17:00:00,0.02219003317458938
PRODUCT_ABC_DESKTOP_EN_PHN,Friday,17:30:00,0.022389174957697773
PRODUCT_ABC_DESKTOP_EN_PHN,Friday,18:00:00,0.0
PRODUCT_ABC_DESKTOP_EN_PHN,Friday,18:30:00,0.0
PRODUCT_ABC_DESKTOP_EN_PHN,Friday,19:00:00,0.0
PRODUCT_ABC_DESKTOP_EN_PHN,Friday,19:30:00,0.0
PRODUCT_ABC_DESKTOP_EN_PHN,Friday,20:00:00,0.0
PRODUCT_ABC_DESKTOP_EN_PHN,Friday,20:30:00,0.0
PRODUCT_ABC_DESKTOP_EN_PHN,Friday,21:00:00,0.0
PRODUCT_ABC_DESKTOP_EN_PHN,Friday,21:30:00,0.0
PRODUCT_ABC_DESKTOP_EN_PHN,Friday,22:00:00,0.0
PRODUCT_ABC_DESKTOP_EN_PHN,Friday,22:30:00,0.0
PRODUCT_ABC_DESKTOP_EN_PHN,Friday,23:00:00,0.0
PRODUCT_ABC_DESKTOP_EN_PHN,Friday,23:30:00,0.0
PRODUCT_ABC_DESKTOP_EN_PHN,Saturday,00:00:00,0.0
PRODUCT_ABC_DESKTOP_EN_PHN,Saturday,00:30:00,0.0
PRODUCT_ABC_DESKTOP_EN_PHN,Saturday,01:00:00,0.0
PRODUCT_ABC_DESKTOP_EN_PHN,Saturday,01:30:00,0.0
PRODUCT_ABC_DESKTOP_EN_PHN,Saturday,02:00:00,0.0
PRODUCT_ABC_DESKTOP_EN_PHN,Saturday,02:30:00,0.0
PRODUCT_ABC_DESKTOP_EN_PHN,Saturday,03:00:00,0.0
PRODUCT_ABC_DESKTOP_EN_PHN,Saturday,03:30:00,0.0
PRODUCT_ABC_DESKTOP_EN_PHN,Saturday,04:00:00,0.0
PRODUCT_ABC_DESKTOP_EN_PHN,Saturday,04:30:00,0.0
PRODUCT_ABC_DESKTOP_EN_PHN,Saturday,05:00:00,0.0
PRODUCT_ABC_DESKTOP_EN_PHN,Saturday,05:30:00,0.0
PRODUCT_ABC_DESKTOP_EN_PHN,Saturday,06:00:00,0.0
PRODUCT_ABC_DESKTOP_EN_PHN,Saturday,06:30:00,0.0
PRODUCT_ABC_DESKTOP_EN_PHN,Saturday,07:00:00,0.0
PRODUCT_ABC_DESKTOP_EN_PHN,Saturday,07:30:00,0.0
PRODUCT_ABC_DESKTOP_EN_PHN,Saturday,08:00:00,0.014117051415814588
PRODUCT_ABC_DESKTOP_EN_PHN,Saturday,08:30:00,0.022038958562193137
PRODUCT_ABC_DESKTOP_EN_PHN,Saturday,09:00:00,0.032603065994225376
PRODUCT_ABC_DESKTOP_EN_PHN,Saturday,09:30:00,0.04810089413137653
PRODUCT_ABC_DESKTOP_EN_PHN,Saturday,10:00:00,0.06175011467005835
PRODUCT_ABC_DESKTOP_EN_PHN,Saturday,10:30:00,0.0770154795156931
PRODUCT_ABC_DESKTOP_EN_PHN,Saturday,11:00:00,0.09137315358700708
PRODUCT_ABC_DESKTOP_EN_PHN,Saturday,11:30:00,0.09354360948532921
PRODUCT_ABC_DESKTOP_EN_PHN,Saturday,12:00:00,0.09415310956047936
PRODUCT_ABC_DESKTOP_EN_PHN,Saturday,12:30:00,0.08587376196304004
PRODUCT_ABC_DESKTOP_EN_PHN,Saturday,13:00:00,0.07598763166238234
PRODUCT_ABC_DESKTOP_EN_PHN,Saturday,13:30:00,0.06440420427337756
PRODUCT_ABC_DESKTOP_EN_PHN,Saturday,14:00:00,0.05678784790847886
PRODUCT_ABC_DESKTOP_EN_PHN,Saturday,14:30:00,0.044917697616533955
PRODUCT_ABC_DESKTOP_EN_PHN,Saturday,15:00:00,0.03713107581895737
PRODUCT_ABC_DESKTOP_EN_PHN,Saturday,15:30:00,0.03054138127587018
PRODUCT_ABC_DESKTOP_EN_PHN,Saturday,16:00:00,0.024018166791686044
PRODUCT_ABC_DESKTOP_EN_PHN,Saturday,16:30:00,0.021594224815827116
PRODUCT_ABC_DESKTOP_EN_PHN,Saturday,17:00:00,0.014389499765644412
PRODUCT_ABC_DESKTOP_EN_PHN,Saturday,17:30:00,0.009659071186025523
PRODUCT_ABC_DESKTOP_EN_PHN,Saturday,18:00:00,0.0
PRODUCT_ABC_DESKTOP_EN_PHN,Saturday,18:30:00,0.0
PRODUCT_ABC_DESKTOP_EN_PHN,Saturday,19:00:00,0.0
PRODUCT_ABC_DESKTOP_EN_PHN,Saturday,19:30:00,0.0
PRODUCT_ABC_DESKTOP_EN_PHN,Saturday,20:00:00,0.0
PRODUCT_ABC_DESKTOP_EN_PHN,Saturday,20:30:00,0.0
PRODUCT_ABC_DESKTOP_EN_PHN,Saturday,21:00:00,0.0
PRODUCT_ABC_DESKTOP_EN_PHN,Saturday,21:30:00,0.0
PRODUCT_ABC_DESKTOP_EN_PHN,Saturday,22:00:00,0.0
PRODUCT_ABC_DESKTOP_EN_PHN,Saturday,22:30:00,0.0
PRODUCT_ABC_DESKTOP_EN_PHN,Saturday,23:00:00,0.0
PRODUCT_ABC_DESKTOP_EN_PHN,Saturday,23:30:00,0.0
PRODUCT_ABC_DESKTOP_EN_PHN,Sunday,00:00:00,0.0
PRODUCT_ABC_DESKTOP_EN_PHN,Sunday,00:30:00,0.0
PRODUCT_ABC_DESKTOP_EN_PHN,Sunday,01:00:00,0.0
PRODUCT_ABC_DESKTOP_EN_PHN,Sunday,01:30:00,0.0
PRODUCT_ABC_DESKTOP_EN_PHN,Sunday,02:00:00,0.0
PRODUCT_ABC_DESKTOP_EN_PHN,Sunday,02:30:00,0.0
PRODUCT_ABC_DESKTOP_EN_PHN,Sunday,03:00:00,0.0
PRODUCT_ABC_DESKTOP_EN_PHN,Sunday,03:30:00,0.0
PRODUCT_ABC_DESKTOP_EN_PHN,Sunday,04:00:00,0.0
PRODUCT_ABC_DESKTOP_EN_PHN,Sunday,04:30:00,0.0
PRODUCT_ABC_DESKTOP_EN_PHN,Sunday,05:00:00,0.0
PRODUCT_ABC_DESKTOP_EN_PHN,Sunday,05:30:00,0.0
PRODUCT_ABC_DESKTOP_EN_PHN,Sunday,06:00:00,0.0
PRODUCT_ABC_DESKTOP_EN_PHN,Sunday,06:30:00,0.0
PRODUCT_ABC_DESKTOP_EN_PHN,Sunday,07:00:00,0.0
PRODUCT_ABC_DESKTOP_EN_PHN,Sunday,07:30:00,0.0
PRODUCT_ABC_DESKTOP_EN_PHN,Sunday,08:00:00,0.01517223306559717
PRODUCT_ABC_DESKTOP_EN_PHN,Sunday,08:30:00,0.024845074898229087
PRODUCT_ABC_DESKTOP_EN_PHN,Sunday,09:00:00,0.039433467506296824
PRODUCT_ABC_DESKTOP_EN_PHN,Sunday,09:30:00,0.052754367429484
PRODUCT_ABC_DESKTOP_EN_PHN,Sunday,10:00:00,0.06645366396100087
PRODUCT_ABC_DESKTOP_EN_PHN,Sunday,10:30:00,0.0830538555140002
PRODUCT_ABC_DESKTOP_EN_PHN,Sunday,11:00:00,0.09482443566997359
PRODUCT_ABC_DESKTOP_EN_PHN,Sunday,11:30:00,0.09256915727673769
PRODUCT_ABC_DESKTOP_EN_PHN,Sunday,12:00:00,0.09013061859932989
PRODUCT_ABC_DESKTOP_EN_PHN,Sunday,12:30:00,0.07768861382147178
PRODUCT_ABC_DESKTOP_EN_PHN,Sunday,13:00:00,0.06849679825451009
PRODUCT_ABC_DESKTOP_EN_PHN,Sunday,13:30:00,0.056811478219052323
PRODUCT_ABC_DESKTOP_EN_PHN,Sunday,14:00:00,0.0486370312314191
PRODUCT_ABC_DESKTOP_EN_PHN,Sunday,14:30:00,0.04279579460450532
PRODUCT_ABC_DESKTOP_EN_PHN,Sunday,15:00:00,0.03453020493026692
PRODUCT_ABC_DESKTOP_EN_PHN,Sunday,15:30:00,0.033456302053286584
PRODUCT_ABC_DESKTOP_EN_PHN,Sunday,16:00:00,0.02430359304627963
PRODUCT_ABC_DESKTOP_EN_PHN,Sunday,16:30:00,0.022654516126683413
PRODUCT_ABC_DESKTOP_EN_PHN,Sunday,17:00:00,0.01659350294407139
PRODUCT_ABC_DESKTOP_EN_PHN,Sunday,17:30:00,0.014795290847804237
PRODUCT_ABC_DESKTOP_EN_PHN,Sunday,18:00:00,0.0
PRODUCT_ABC_DESKTOP_EN_PHN,Sunday,18:30:00,0.0
PRODUCT_ABC_DESKTOP_EN_PHN,Sunday,19:00:00,0.0
PRODUCT_ABC_DESKTOP_EN_PHN,Sunday,19:30:00,0.0
PRODUCT_ABC_DESKTOP_EN_PHN,Sunday,20:00:00,0.0
PRODUCT_ABC_DESKTOP_EN_PHN,Sunday,20:30:00,0.0
PRODUCT_ABC_DESKTOP_EN_PHN,Sunday,21:00:00,0.0
PRODUCT_ABC_DESKTOP_EN_PHN,Sunday,21:30:00,0.0
PRODUCT_ABC_DESKTOP_EN_PHN,Sunday,22:00:00,0.0
PRODUCT_ABC_DESKTOP_EN_PHN,Sunday,22:30:00,0.0
PRODUCT_ABC_DESKTOP_EN_PHN,Sunday,23:00:00,0.0
PRODUCT_ABC_DESKTOP_EN_PHN,Sunday,23:30:00,0.0
PRODUCT_ABC_MOBILE_EN_CHAT,Monday,00:00:00,0.0
PRODUCT_ABC_MOBILE_EN_CHAT,Monday,00:30:00,0.0
PRODUCT_ABC_MOBILE_EN_CHAT,Monday,01:00:00,0.0
PRODUCT_ABC_MOBILE_EN_CHAT,Monday,01:30:00,0.0
PRODUCT_ABC_MOBILE_EN_CHAT,Monday,02:00:00,0.0
PRODUCT_ABC_MOBILE_EN_CHAT,Monday,02:30:00,0.0
PRODUCT_ABC_MOBILE_EN_CHAT,Monday,03:00:00,0.0
PRODUCT_ABC_MOBILE_EN_CHAT,Monday,03:30:00,0.0
PRODUCT_ABC_MOBILE_EN_CHAT,Monday,04:00:00,0.0
PRODUCT_ABC_MOBILE_EN_CHAT,Monday,04:30:00,0.0
PRODUCT_ABC_MOBILE_EN_CHAT,Monday,05:00:00,0.0
PRODUCT_ABC_MOBILE_EN_CHAT,Monday,05:30:00,0.0
PRODUCT_ABC_MOBILE_EN_CHAT,Monday,06:00:00,0.0
PRODUCT_ABC_MOBILE_EN_CHAT,Monday,06:30:00,0.0
PRODUCT_ABC_MOBILE_EN_CHAT,Monday,07:00:00,0.0
PRODUCT_ABC_MOBILE_EN_CHAT,Monday,07:30:00,0.0
PRODUCT_ABC_MOBILE_EN_CHAT,Monday,08:00:00,0.008912491502091922
PRODUCT_ABC_MOBILE_EN_CHAT,Monday,08:30:00,0.018793566901052317
PRODUCT_ABC_MOBILE_EN_CHAT,Monday,09:00:00,0.02774269400068639
PRODUCT_ABC_MOBILE_EN_CHAT,Monday,09:30:00,0.038204306111227035
PRODUCT_ABC_MOBILE_EN_CHAT,Monday,10:00:00,0.05430638234634138
PRODUCT_ABC_MOBILE_EN_CHAT,Monday,10:30:00,0.07242097726693877
PRODUCT_ABC_MOBILE_EN_CHAT,Monday,11:00:00,0.08055130439561392
PRODUCT_ABC_MOBILE_EN_CHAT,Monday,11:30:00,0.08769515857479977
PRODUCT_ABC_MOBILE_EN_CHAT,Monday,12:00:00,0.08732898872552176
PRODUCT_ABC_MOBILE_EN_CHAT,Monday,12:30:00,0.08051224833936613
PRODUCT_ABC_MOBILE_EN_CHAT,Monday,13:00:00,0.07604674387252983
PRODUCT_ABC_MOBILE_EN_CHAT,Monday,13:30:00,0.06693564560033358
PRODUCT_ABC_MOBILE_EN_CHAT,Monday,14:00:00,0.058122861587488694
PRODUCT_ABC_MOBILE_EN_CHAT,Monday,14:30:00,0.050474830503139036
PRODUCT_ABC_MOBILE_EN_CHAT,Monday,15:00:00,0.04366640848380436
PRODUCT_ABC_MOBILE_EN_CHAT,Monday,15:30:00,0.038290099598009615
PRODUCT_ABC_MOBILE_EN_CHAT,Monday,16:00:00,0.03623892058487713
PRODUCT_ABC_MOBILE_EN_CHAT,Monday,16:30:00,0.026527614995429074
PRODUCT_ABC_MOBILE_EN_CHAT,Monday,17:00:00,0.026447004488159963
PRODUCT_ABC_MOBILE_EN_CHAT,Monday,17:30:00,0.02078175212258938
PRODUCT_ABC_MOBILE_EN_CHAT,Monday,18:00:00,0.0
PRODUCT_ABC_MOBILE_EN_CHAT,Monday,18:30:00,0.0
PRODUCT_ABC_MOBILE_EN_CHAT,Monday,19:00:00,0.0
PRODUCT_ABC_MOBILE_EN_CHAT,Monday,19:30:00,0.0
PRODUCT_ABC_MOBILE_EN_CHAT,Monday,20:00:00,0.0
PRODUCT_ABC_MOBILE_EN_CHAT,Monday,20:30:00,0.0
PRODUCT_ABC_MOBILE_EN_CHAT,Monday,21:00:00,0.0
PRODUCT_ABC_MOBILE_EN_CHAT,Monday,21:30:00,0.0
PRODUCT_ABC_MOBILE_EN_CHAT,Monday,22:00:00,0.0
PRODUCT_ABC_MOBILE_EN_CHAT,Monday,22:30:00,0.0
PRODUCT_ABC_MOBILE_EN_CHAT,Monday,23:00:00,0.0
PRODUCT_ABC_MOBILE_EN_CHAT,Monday,23:30:00,0.0
PRODUCT_ABC_MOBILE_EN_CHAT,Tuesday,00:00:00,0.0
PRODUCT_ABC_MOBILE_EN_CHAT,Tuesday,00:30:00,0.0
PRODUCT_ABC_MOBILE_EN_CHAT,Tuesday,01:00:00,0.0
PRODUCT_ABC_MOBILE_EN_CHAT,Tuesday,01:30:00,0.0
PRODUCT_ABC_MOBILE_EN_CHAT,Tuesday,02:00:00,0.0
PRODUCT_ABC_MOBILE_EN_CHAT,Tuesday,02:30:00,0.0
PRODUCT_ABC_MOBILE_EN_CHAT,Tuesday,03:00:00,0.0
PRODUCT_ABC_MOBILE_EN_CHAT,Tuesday,03:30:00,0.0
PRODUCT_ABC_MOBILE_EN_CHAT,Tuesday,04:00:00,0.0
PRODUCT_ABC_MOBILE_EN_CHAT,Tuesday,04:30:00,0.0
PRODUCT_ABC_MOBILE_EN_CHAT,Tuesday,05:00:00,0.0
PRODUCT_ABC_MOBILE_EN_CHAT,Tuesday,05:30:00,0.0
PRODUCT_ABC_MOBILE_EN_CHAT,Tuesday,06:00:00,0.0
PRODUCT_ABC_MOBILE_EN_CHAT,Tuesday,06:30:00,0.0
PRODUCT_ABC_MOBILE_EN_CHAT,Tuesday,07:00:00,0.0
PRODUCT_ABC_MOBILE_EN_CHAT,Tuesday,07:30:00,0.0
PRODUCT_ABC_MOBILE_EN_CHAT,Tuesday,08:00:00,0.014052159033693366
PRODUCT_ABC_MOBILE_EN_CHAT,Tuesday,08:30:00,0.021299512741669885
PRODUCT_ABC_MOBILE_EN_CHAT,Tuesday,09:00:00,0.028111073057435956
PRODUCT_ABC_MOBILE_EN_CHAT,Tuesday,09:30:00,0.041125886975496115
PRODUCT_ABC_MOBILE_EN_CHAT,Tuesday,10:00:00,0.05315329475230193
PRODUCT_ABC_MOBILE_EN_CHAT,Tuesday,10:30:00,0.06845002953993469
PRODUCT_ABC_MOBILE_EN_CHAT,Tuesday,11:00:00,0.08589884729917008
PRODUCT_ABC_MOBILE_EN_CHAT,Tuesday,11:30:00,0.09639528779095484
PRODUCT_ABC_MOBILE_EN_CHAT,Tuesday,12:00:00,0.10041876001393912
PRODUCT_ABC_MOBILE_EN_CHAT,Tuesday,12:30:00,0.09238192106642427
PRODUCT_ABC_MOBILE_EN_CHAT,Tuesday,13:00:00,0.08484405753137406
PRODUCT_ABC_MOBILE_EN_CHAT,Tuesday,13:30:00,0.07218417995428981
PRODUCT_ABC_MOBILE_EN_CHAT,Tuesday,14:00:00,0.05733985257290865
PRODUCT_ABC_MOBILE_EN_CHAT,Tuesday,14:30:00,0.04434570321319093
PRODUCT_ABC_MOBILE_EN_CHAT,Tuesday,15:00:00,0.03645104954892295
PRODUCT_ABC_MOBILE_EN_CHAT,Tuesday,15:30:00,0.03042522074897971
PRODUCT_ABC_MOBILE_EN_CHAT,Tuesday,16:00:00,0.023916475254633644
PRODUCT_ABC_MOBILE_EN_CHAT,Tuesday,16:30:00,0.01903665902895714
PRODUCT_ABC_MOBILE_EN_CHAT,Tuesday,17:00:00,0.016145838622084088
PRODUCT_ABC_MOBILE_EN_CHAT,Tuesday,17:30:00,0.014024191253638687
PRODUCT_ABC_MOBILE_EN_CHAT,Tuesday,18:00:00,0.0
PRODUCT_ABC_MOBILE_EN_CHAT,Tuesday,18:30:00,0.0
PRODUCT_ABC_MOBILE_EN_CHAT,Tuesday,19:00:00,0.0
PRODUCT_ABC_MOBILE_EN_CHAT,Tuesday,19:30:00,0.0
PRODUCT_ABC_MOBILE_EN_CHAT,Tuesday,20:00:00,0.0
PRODUCT_ABC_MOBILE_EN_CHAT,Tuesday,20:30:00,0.0
PRODUCT_ABC_MOBILE_EN_CHAT,Tuesday,21:00:00,0.0
PRODUCT_ABC_MOBILE_EN_CHAT,Tuesday,21:30:00,0.0
PRODUCT_ABC_MOBILE_EN_CHAT,Tuesday,22:00:00,0.0
PRODUCT_ABC_MOBILE_EN_CHAT,Tuesday,22:30:00,0.0
PRODUCT_ABC_MOBILE_EN_CHAT,Tuesday,23:00:00,0.0
PRODUCT_ABC_MOBILE_EN_CHAT,Tuesday,23:30:00,0.0
PRODUCT_ABC_MOBILE_EN_CHAT,Wednesday,00:00:00,0.0
PRODUCT_ABC_MOBILE_EN_CHAT,Wednesday,00:30:00,0.0
PRODUCT_ABC_MOBILE_EN_CHAT,Wednesday,01:00:00,0.0
PRODUCT_ABC_MOBILE_EN_CHAT,Wednesday,01:30:00,0.0
PRODUCT_ABC_MOBILE_EN_CHAT,Wednesday,02:00:00,0.0
PRODUCT_ABC_MOBILE_EN_CHAT,Wednesday,02:30:00,0.0
PRODUCT_ABC_MOBILE_EN_CHAT,Wednesday,03:00:00,0.0
PRODUCT_ABC_MOBILE_EN_CHAT,Wednesday,03:30:00,0.0
PRODUCT_ABC_MOBILE_EN_CHAT,Wednesday,04:00:00,0.0
PRODUCT_ABC_MOBILE_EN_CHAT,Wednesday,04:30:00,0.0
PRODUCT_ABC_MOBILE_EN_CHAT,Wednesday,05:00:00,0.0
PRODUCT_ABC_MOBILE_EN_CHAT,Wednesday,05:30:00,0.0
PRODUCT_ABC_MOBILE_EN_CHAT,Wednesday,06:00:00,0.0
PRODUCT_ABC_MOBILE_EN_CHAT,Wednesday,06:30:00,0.0
PRODUCT_ABC_MOBILE_EN_CHAT,Wednesday,07:00:00,0.0
PRODUCT_ABC_MOBILE_EN_CHAT,Wednesday,07:30:00,0.0
PRODUCT_ABC_MOBILE_EN_CHAT,Wednesday,08:00:00,0.02195918144287855
PRODUCT_ABC_MOBILE_EN_CHAT,Wednesday,08:30:00,0.03542567305179798
PRODUCT_ABC_MOBILE_EN_CHAT,Wednesday,09:00:00,0.0526061527191185
PRODUCT_ABC_MOBILE_EN_CHAT,Wednesday,09:30:00,0.06915296705469047
PRODUCT_ABC_MOBILE_EN_CHAT,Wednesday,10:00:00,0.07778972441696354
PRODUCT_ABC_MOBILE_EN_CHAT,Wednesday,10:30:00,0.08895658997074217
PRODUCT_ABC_MOBILE_EN_CHAT,Wednesday,11:00:00,0.08879582713708864
PRODUCT_ABC_MOBILE_EN_CHAT,Wednesday,11:30:00,0.08856175629435524
PRODUCT_ABC_MOBILE_EN_CHAT,Wednesday,12:00:00,0.07968728049480353
PRODUCT_ABC_MOBILE_EN_CHAT,Wednesday,12:30:00,0.07089607250776668
PRODUCT_ABC_MOBILE_EN_CHAT,Wednesday,13:00:00,0.06580926374213182
PRODUCT_ABC_MOBILE_EN_CHAT,Wednesday,13:30:00,0.05835987791311821
PRODUCT_ABC_MOBILE_EN_CHAT,Wednesday,14:00:00,0.05180366933485292
PRODUCT_ABC_MOBILE_EN_CHAT,Wednesday,14:30:00,0.03974539959028001
PRODUCT_ABC_MOBILE_EN_CHAT,Wednesday,15:00:00,0.03437218854543777
PRODUCT_ABC_MOBILE_EN_CHAT,Wednesday,15:30:00,0.02535529762956144
PRODUCT_ABC_MOBILE_EN_CHAT,Wednesday,16:00:00,0.022048198719224504
PRODUCT_ABC_MOBILE_EN_CHAT,Wednesday,16:30:00,0.014847452266151815
PRODUCT_ABC_MOBILE_EN_CHAT,Wednesday,17:00:00,0.00850101772041127
PRODUCT_ABC_MOBILE_EN_CHAT,Wednesday,17:30:00,0.005326409448625136
PRODUCT_ABC_MOBILE_EN_CHAT,Wednesday,18:00:00,0.0
PRODUCT_ABC_MOBILE_EN_CHAT,Wednesday,18:30:00,0.0
PRODUCT_ABC_MOBILE_EN_CHAT,Wednesday,19:00:00,0.0
PRODUCT_ABC_MOBILE_EN_CHAT,Wednesday,19:30:00,0.0
PRODUCT_ABC_MOBILE_EN_CHAT,Wednesday,20:00:00,0.0
PRODUCT_ABC_MOBILE_EN_CHAT,Wednesday,20:30:00,0.0
PRODUCT_ABC_MOBILE_EN_CHAT,Wednesday,21:00:00,0.0
PRODUCT_ABC_MOBILE_EN_CHAT,Wednesday,21:30:00,0.0
PRODUCT_ABC_MOBILE_EN_CHAT,Wednesday,22:00:00,0.0
PRODUCT_ABC_MOBILE_EN_CHAT,Wednesday,22:30:00,0.0
PRODUCT_ABC_MOBILE_EN_CHAT,Wednesday,23:00:00,0.0
PRODUCT_ABC_MOBILE_EN_CHAT,Wednesday,23:30:00,0.0
PRODUCT_ABC_MOBILE_EN_CHAT,Thursday,00:00:00,0.0
PRODUCT_ABC_MOBILE_EN_CHAT,Thursday,00:30:00,0.0
PRODUCT_ABC_MOBILE_EN_CHAT,Thursday,01:00:00,0.0
PRODUCT_ABC_MOBILE_EN_CHAT,Thursday,01:30:00,0.0
PRODUCT_ABC_MOBILE_EN_CHAT,Thursday,02:00:00,0.0
PRODUCT_ABC_MOBILE_EN_CHAT,Thursday,02:30:00,0.0
PRODUCT_ABC_MOBILE_EN_CHAT,Thursday,03:00:00,0.0
PRODUCT_ABC_MOBILE_EN_CHAT,Thursday,03:30:00,0.0
PRODUCT_ABC_MOBILE_EN_CHAT,Thursday,04:00:00,0.0
PRODUCT_ABC_MOBILE_EN_CHAT,Thursday,04:30:00,0.0
PRODUCT_ABC_MOBILE_EN_CHAT,Thursday,05:00:00,0.0
PRODUCT_ABC_MOBILE_EN_CHAT,Thursday,05:30:00,0.0
PRODUCT_ABC_MOBILE_EN_CHAT,Thursday,06:00:00,0.0
PRODUCT_ABC_MOBILE_EN_CHAT,Thursday,06:30:00,0.0
PRODUCT_ABC_MOBILE_EN_CHAT,Thursday,07:00:00,0.0
PRODUCT_ABC_MOBILE_EN_CHAT,Thursday,07:30:00,0.0
PRODUCT_ABC_MOBILE_EN_CHAT,Thursday,08:00:00,0.01758114035718882
PRODUCT_ABC_MOBILE_EN_CHAT,Thursday,08:30:00,0.024087442224875882
PRODUCT_ABC_MOBILE_EN_CHAT,Thursday,09:00:00,0.04509612230896204
PRODUCT_ABC_MOBILE_EN_CHAT,Thursday,09:30:00,0.058276460251310204
PRODUCT_ABC_MOBILE_EN_CHAT,Thursday,10:00:00,0.07367917326052566
PRODUCT_ABC_MOBILE_EN_CHAT,Thursday,10:30:00,0.08294058342654176
PRODUCT_ABC_MOBILE_EN_CHAT,Thursday,11:00:00,0.0873363502754877
PRODUCT_ABC_MOBILE_EN_CHAT,Thursday,11:30:00,0.08206531248893771
PRODUCT_ABC_MOBILE_EN_CHAT,Thursday,12:00:00,0.0748968015893333
PRODUCT_ABC_MOBILE_EN_CHAT,Thursday,12:30:00,0.07188559313731051
PRODUCT_ABC_MOBILE_EN_CHAT,Thursday,13:00:00,0.0653771738814295
PRODUCT_ABC_MOBILE_EN_CHAT,Thursday,13:30:00,0.05870991668153559
PRODUCT_ABC_MOBILE_EN_CHAT,Thursday,14:00:00,0.053560035508745545
PRODUCT_ABC_MOBILE_EN_CHAT,Thursday,14:30:00,0.048220728718108036
PRODUCT_ABC_MOBILE_EN_CHAT,Thursday,15:00:00,0.04244303824357332
PRODUCT_ABC_MOBILE_EN_CHAT,Thursday,15:30:00,0.03671426278786796
PRODUCT_ABC_MOBILE_EN_CHAT,Thursday,16:00:00,0.02745834352987367
PRODUCT_ABC_MOBILE_EN_CHAT,Thursday,16:30:00,0.021860055328905774
PRODUCT_ABC_MOBILE_EN_CHAT,Thursday,17:00:00,0.01749012000877585
PRODUCT_ABC_MOBILE_EN_CHAT,Thursday,17:30:00,0.010321345990711413
PRODUCT_ABC_MOBILE_EN_CHAT,Thursday,18:00:00,0.0
PRODUCT_ABC_MOBILE_EN_CHAT,Thursday,18:30:00,0.0
PRODUCT_ABC_MOBILE_EN_CHAT,Thursday,19:00:00,0.0
PRODUCT_ABC_MOBILE_EN_CHAT,Thursday,19:30:00,0.0
PRODUCT_ABC_MOBILE_EN_CHAT,Thursday,20:00:00,0.0
PRODUCT_ABC_MOBILE_EN_CHAT,Thursday,20:30:00,0.0
PRODUCT_ABC_MOBILE_EN_CHAT,Thursday,21:00:00,0.0
PRODUCT_ABC_MOBILE_EN_CHAT,Thursday,21:30:00,0.0
PRODUCT_ABC_MOBILE_EN_CHAT,Thursday,22:00:00,0.0
PRODUCT_ABC_MOBILE_EN_CHAT,Thursday,22:30:00,0.0
PRODUCT_ABC_MOBILE_EN_CHAT,Thursday,23:00:00,0.0
PRODUCT_ABC_MOBILE_EN_CHAT,Thursday,23:30:00,0.0
PRODUCT_ABC_MOBILE_EN_CHAT,Friday,00:00:00,0.0
PRODUCT_ABC_MOBILE_EN_CHAT,Friday,00:30:00,0.0
PRODUCT_ABC_MOBILE_EN_CHAT,Friday,01:00:00,0.0
PRODUCT_ABC_MOBILE_EN_CHAT,Friday,01:30:00,0.0
PRODUCT_ABC_MOBILE_EN_CHAT,Friday,02:00:00,0.0
PRODUCT_ABC_MOBILE_EN_CHAT,Friday,02:30:00,0.0
PRODUCT_ABC_MOBILE_EN_CHAT,Friday,03:00:00,0.0
PRODUCT_ABC_MOBILE_EN_CHAT,Friday,03:30:00,0.0
PRODUCT_ABC_MOBILE_EN_CHAT,Friday,04:00:00,0.0
PRODUCT_ABC_MOBILE_EN_CHAT,Friday,04:30:00,0.0
PRODUCT_ABC_MOBILE_EN_CHAT,Friday,05:00:00,0.0
PRODUCT_ABC_MOBILE_EN_CHAT,Friday,05:30:00,0.0
PRODUCT_ABC_MOBILE_EN_CHAT,Friday,06:00:00,0.0
PRODUCT_ABC_MOBILE_EN_CHAT,Friday,06:30:00,0.0
PRODUCT_ABC_MOBILE_EN_CHAT,Friday,07:00:00,0.0
PRODUCT_ABC_MOBILE_EN_CHAT,Friday,07:30:00,0.0
PRODUCT_ABC_MOBILE_EN_CHAT,Friday,08:00:00,0.021667407317339075
PRODUCT_ABC_MOBILE_EN_CHAT,Friday,08:30:00,0.03497218126021739
PRODUCT_ABC_MOBILE_EN_CHAT,Friday,09:00:00,0.04857587824156239
PRODUCT_ABC_MOBILE_EN_CHAT,Friday,09:30:00,0.06248519526453587
PRODUCT_ABC_MOBILE_EN_CHAT,Friday,10:00:00,0.07627605218705863
PRODUCT_ABC_MOBILE_EN_CHAT,Friday,10:30:00,0.08865018818474549
PRODUCT_ABC_MOBILE_EN_CHAT,Friday,11:00:00,0.0947518101734271
PRODUCT_ABC_MOBILE_EN_CHAT,Friday,11:30:00,0.09294227501413295
PRODUCT_ABC_MOBILE_EN_CHAT,Friday,12:00:00,0.08582211479997598
PRODUCT_ABC_MOBILE_EN_CHAT,Friday,12:30:00,0.07833212306454149
PRODUCT_ABC_MOBILE_EN_CHAT,Friday,13:00:00,0.06731495368628215
PRODUCT_ABC_MOBILE_EN_CHAT,Friday,13:30:00,0.05778579848966581
PRODUCT_ABC_MOBILE_EN_CHAT,Friday,14:00:00,0.04992024463857877
PRODUCT_ABC_MOBILE_EN_CHAT,Friday,14:30:00,0.04272508197112564
PRODUCT_ABC_MOBILE_EN_CHAT,Friday,15:00:00,0.03455069099964726
PRODUCT_ABC_MOBILE_EN_CHAT,Friday,15:30:00,0.025293980104397998
PRODUCT_ABC_MOBILE_EN_CHAT,Friday,16:00:00,0.015560471259485292
PRODUCT_ABC_MOBILE_EN_CHAT,Friday,16:30:00,0.01138049178212864
PRODUCT_ABC_MOBILE_EN_CHAT,Friday,17:00:00,0.00404339755765593
PRODUCT_ABC_MOBILE_EN_CHAT,Friday,17:30:00,0.006949664003496161
PRODUCT_ABC_MOBILE_EN_CHAT,Friday,18:00:00,0.0
PRODUCT_ABC_MOBILE_EN_CHAT,Friday,18:30:00,0.0
PRODUCT_ABC_MOBILE_EN_CHAT,Friday,19:00:00,0.0
PRODUCT_ABC_MOBILE_EN_CHAT,Friday,19:30:00,0.0
PRODUCT_ABC_MOBILE_EN_CHAT,Friday,20:00:00,0.0
PRODUCT_ABC_MOBILE_EN_CHAT,Friday,20:30:00,0.0
PRODUCT_ABC_MOBILE_EN_CHAT,Friday,21:00:00,0.0
PRODUCT_ABC_MOBILE_EN_CHAT,Friday,21:30:00,0.0
PRODUCT_ABC_MOBILE_EN_CHAT,Friday,22:00:00,0.0
PRODUCT_ABC_MOBILE_EN_CHAT,Friday,22:30:00,0.0
PRODUCT_ABC_MOBILE_EN_CHAT,Friday,23:00:00,0.0
PRODUCT_ABC_MOBILE_EN_CHAT,Friday,23:30:00,0.0
PRODUCT_ABC_MOBILE_EN_CHAT,Saturday,00:00:00,0.0
PRODUCT_ABC_MOBILE_EN_CHAT,Saturday,00:30:00,0.0
PRODUCT_ABC_MOBILE_EN_CHAT,Saturday,01:00:00,0.0
PRODUCT_ABC_MOBILE_EN_CHAT,Saturday,01:30:00,0.0
PRODUCT_ABC_MOBILE_EN_CHAT,Saturday,02:00:00,0.0
PRODUCT_ABC_MOBILE_EN_CHAT,Saturday,02:30:00,0.0
PRODUCT_ABC_MOBILE_EN_CHAT,Saturday,03:00:00,0.0
PRODUCT_ABC_MOBILE_EN_CHAT,Saturday,03:30:00,0.0
PRODUCT_ABC_MOBILE_EN_CHAT,Saturday,04:00:00,0.0
PRODUCT_ABC_MOBILE_EN_CHAT,Saturday,04:30:00,0.0
PRODUCT_ABC_MOBILE_EN_CHAT,Saturday,05:00:00,0.0
PRODUCT_ABC_MOBILE_EN_CHAT,Saturday,05:30:00,0.0
PRODUCT_ABC_MOBILE_EN_CHAT,Saturday,06:00:00,0.0
PRODUCT_ABC_MOBILE_EN_CHAT,Saturday,06:30:00,0.0
PRODUCT_ABC_MOBILE_EN_CHAT,Saturday,07:00:00,0.0
PRODUCT_ABC_MOBILE_EN_CHAT,Saturday,07:30:00,0.0
PRODUCT_ABC_MOBILE_EN_CHAT,Saturday,08:00:00,0.02439004890932966
PRODUCT_ABC_MOBILE_EN_CHAT,Saturday,08:30:00,0.03700283613716141
PRODUCT_ABC_MOBILE_EN_CHAT,Saturday,09:00:00,0.057347050382741196
PRODUCT_ABC_MOBILE_EN_CHAT,Saturday,09:30:00,0.06756426324715308
PRODUCT_ABC_MOBILE_EN_CHAT,Saturday,10:00:00,0.07728075512322617
PRODUCT_ABC_MOBILE_EN_CHAT,Saturday,10:30:00,0.08541463489138205
PRODUCT_ABC_MOBILE_EN_CHAT,Saturday,11:00:00,0.08654453335404819
PRODUCT_ABC_MOBILE_EN_CHAT,Saturday,11:30:00,0.08406147821449102
PRODUCT_ABC_MOBILE_EN_CHAT,Saturday,12:00:00,0.07813863747316967
PRODUCT_ABC_MOBILE_EN_CHAT,Saturday,12:30:00,0.07199522215283884
PRODUCT_ABC_MOBILE_EN_CHAT,Saturday,13:00:00,0.06485302634086548
PRODUCT_ABC_MOBILE_EN_CHAT,Saturday,13:30:00,0.06157709570016701
PRODUCT_ABC_MOBILE_EN_CHAT,Saturday,14:00:00,0.05053917723749721
PRODUCT_ABC_MOBILE_EN_CHAT,Saturday,14:30:00,0.043968274268507086
PRODUCT_ABC_MOBILE_EN_CHAT,Saturday,15:00:00,0.03592107151935479
PRODUCT_ABC_MOBILE_EN_CHAT,Saturday,15:30:00,0.02370376566307559
PRODUCT_ABC_MOBILE_EN_CHAT,Saturday,16:00:00,0.021796679633879282
PRODUCT_ABC_MOBILE_EN_CHAT,Saturday,16:30:00,0.01408447273839098
PRODUCT_ABC_MOBILE_EN_CHAT,Saturday,17:00:00,0.005706296829102159
PRODUCT_ABC_MOBILE_EN_CHAT,Saturday,17:30:00,0.008110680183619278
PRODUCT_ABC_MOBILE_EN_CHAT,Saturday,18:00:00,0.0
PRODUCT_ABC_MOBILE_EN_CHAT,Saturday,18:30:00,0.0
PRODUCT_ABC_MOBILE_EN_CHAT,Saturday,19:00:00,0.0
PRODUCT_ABC_MOBILE_EN_CHAT,Saturday,19:30:00,0.0
PRODUCT_ABC_MOBILE_EN_CHAT,Saturday,20:00:00,0.0
PRODUCT_ABC_MOBILE_EN_CHAT,Saturday,20:30:00,0.0
PRODUCT_ABC_MOBILE_EN_CHAT,Saturday,21:00:00,0.0
PRODUCT_ABC_MOBILE_EN_CHAT,Saturday,21:30:00,0.0
PRODUCT_ABC_MOBILE_EN_CHAT,Saturday,22:00:00,0.0
PRODUCT_ABC_MOBILE_EN_CHAT,Saturday,22:30:00,0.0
PRODUCT_ABC_MOBILE_EN_CHAT,Saturday,23:00:00,0.0
PRODUCT_ABC_MOBILE_EN_CHAT,Saturday,23:30:00,0.0
PRODUCT_ABC_MOBILE_EN_CHAT,Sunday,00:00:00,0.0
PRODUCT_ABC_MOBILE_EN_CHAT,Sunday,00:30:00,0.0
PRODUCT_ABC_MOBILE_EN_CHAT,Sunday,01:00:00,0.0
PRODUCT_ABC_MOBILE_EN_CHAT,Sunday,01:30:00,0.0
PRODUCT_ABC_MOBILE_EN_CHAT,Sunday,02:00:00,0.0
PRODUCT_ABC_MOBILE_EN_CHAT,Sunday,02:30:00,0.0
PRODUCT_ABC_MOBILE_EN_CHAT,Sunday,03:00:00,0.0
PRODUCT_ABC_MOBILE_EN_CHAT,Sunday,03:30:00,0.0
PRODUCT_ABC_MOBILE_EN_CHAT,Sunday,04:00:00,0.0
PRODUCT_ABC_MOBILE_EN_CHAT,Sunday,04:30:00,0.0
PRODUCT_ABC_MOBILE_EN_CHAT,Sunday,05:00:00,0.0
PRODUCT_ABC_MOBILE_EN_CHAT,Sunday,05:30:00,0.0
PRODUCT_ABC_MOBILE_EN_CHAT,Sunday,06:00:00,0.0
PRODUCT_ABC_MOBILE_EN_CHAT,Sunday,06:30:00,0.0
PRODUCT_ABC_MOBILE_EN_CHAT,Sunday,07:00:00,0.0
PRODUCT_ABC_MOBILE_EN_CHAT,Sunday,07:30:00,0.0
PRODUCT_ABC_MOBILE_EN_CHAT,Sunday,08:00:00,0.009379832065597728
PRODUCT_ABC_MOBILE_EN_CHAT,Sunday,08:30:00,0.018727942291752397
PRODUCT_ABC_MOBILE_EN_CHAT,Sunday,09:00:00,0.031895911279361464
PRODUCT_ABC_MOBILE_EN_CHAT,Sunday,09:30:00,0.05031394653394087
PRODUCT_ABC_MOBILE_EN_CHAT,Sunday,10:00:00,0.06890191057263778
PRODUCT_ABC_MOBILE_EN_CHAT,Sunday,10:30:00,0.08439534091474905
PRODUCT_ABC_MOBILE_EN_CHAT,Sunday,11:00:00,0.09345974810311242
PRODUCT_ABC_MOBILE_EN_CHAT,Sunday,11:30:00,0.09763514965655783
PRODUCT_ABC_MOBILE_EN_CHAT,Sunday,12:00:00,0.09384996262904383
PRODUCT_ABC_MOBILE_EN_CHAT,Sunday,12:30:00,0.0831956682163479
PRODUCT_ABC_MOBILE_EN_CHAT,Sunday,13:00:00,0.07356081363446182
PRODUCT_ABC_MOBILE_EN_CHAT,Sunday,13:30:00,0.06655815537549481
PRODUCT_ABC_MOBILE_EN_CHAT,Sunday,14:00:00,0.05921876481143302
PRODUCT_ABC_MOBILE_EN_CHAT,Sunday,14:30:00,0.049973232401594375
PRODUCT_ABC_MOBILE_EN_CHAT,Sunday,15:00:00,0.03772100514068127
PRODUCT_ABC_MOBILE_EN_CHAT,Sunday,15:30:00,0.028898924687451446
PRODUCT_ABC_MOBILE_EN_CHAT,Sunday,16:00:00,0.02189107554438224
PRODUCT_ABC_MOBILE_EN_CHAT,Sunday,16:30:00,0.016026590237284474
PRODUCT_ABC_MOBILE_EN_CHAT,Sunday,17:00:00,0.01102727772652044
PRODUCT_ABC_MOBILE_EN_CHAT,Sunday,17:30:00,0.0033687481775950085
PRODUCT_ABC_MOBILE_EN_CHAT,Sunday,18:00:00,0.0
PRODUCT_ABC_MOBILE_EN_CHAT,Sunday,18:30:00,0.0
PRODUCT_ABC_MOBILE_EN_CHAT,Sunday,19:00:00,0.0
PRODUCT_ABC_MOBILE_EN_CHAT,Sunday,19:30:00,0.0
PRODUCT_ABC_MOBILE_EN_CHAT,Sunday,20:00:00,0.0
PRODUCT_ABC_MOBILE_EN_CHAT,Sunday,20:30:00,0.0
PRODUCT_ABC_MOBILE_EN_CHAT,Sunday,21:00:00,0.0
PRODUCT_ABC_MOBILE_EN_CHAT,Sunday,21:30:00,0.0
PRODUCT_ABC_MOBILE_EN_CHAT,Sunday,22:00:00,0.0
PRODUCT_ABC_MOBILE_EN_CHAT,Sunday,22:30:00,0.0
PRODUCT_ABC_MOBILE_EN_CHAT,Sunday,23:00:00,0.0
PRODUCT_ABC_MOBILE_EN_CHAT,Sunday,23:30:00,0.0
PRODUCT_ABC_MOBILE_EN_PHN,Monday,00:00:00,0.0
PRODUCT_ABC_MOBILE_EN_PHN,Monday,00:30:00,0.0
PRODUCT_ABC_MOBILE_EN_PHN,Monday,01:00:00,0.0
PRODUCT_ABC_MOBILE_EN_PHN,Monday,01:30:00,0.0
PRODUCT_ABC_MOBILE_EN_PHN,Monday,02:00:00,0.0
PRODUCT_ABC_MOBILE_EN_PHN,Monday,02:30:00,0.0
PRODUCT_ABC_MOBILE_EN_PHN,Monday,03:00:00,0.0
PRODUCT_ABC_MOBILE_EN_PHN,Monday,03:30:00,0.0
PRODUCT_ABC_MOBILE_EN_PHN,Monday,04:00:00,0.0
PRODUCT_ABC_MOBILE_EN_PHN,Monday,04:30:00,0.0
PRODUCT_ABC_MOBILE_EN_PHN,Monday,05:00:00,0.0
PRODUCT_ABC_MOBILE_EN_PHN,Monday,05:30:00,0.0
PRODUCT_ABC_MOBILE_EN_PHN,Monday,06:00:00,0.0
PRODUCT_ABC_MOBILE_EN_PHN,Monday,06:30:00,0.0
PRODUCT_ABC_MOBILE_EN_PHN,Monday,07:00:00,0.0
PRODUCT_ABC_MOBILE_EN_PHN,Monday,07:30:00,0.0
PRODUCT_ABC_MOBILE_EN_PHN,Monday,08:00:00,0.01421922444790037
PRODUCT_ABC_MOBILE_EN_PHN,Monday,08:30:00,0.021178122809738784
PRODUCT_ABC_MOBILE_EN_PHN,Monday,09:00:00,0.034147254509543035
PRODUCT_ABC_MOBILE_EN_PHN,Monday,09:30:00,0.04855992891853609
PRODUCT_ABC_MOBILE_EN_PHN,Monday,10:00:00,0.06703453012889593
PRODUCT_ABC_MOBILE_EN_PHN,Monday,10:30:00,0.07576717382081183
PRODUCT_ABC_MOBILE_EN_PHN,Monday,11:00:00,0.08649402820894998
PRODUCT_ABC_MOBILE_EN_PHN,Monday,11:30:00,0.08958010640494464
PRODUCT_ABC_MOBILE_EN_PHN,Monday,12:00:00,0.08941502068977183
PRODUCT_ABC_MOBILE_EN_PHN,Monday,12:30:00,0.08157753160801944
PRODUCT_ABC_MOBILE_EN_PHN,Monday,13:00:00,0.07240943083173736
PRODUCT_ABC_MOBILE_EN_PHN,Monday,13:30:00,0.0641853374530381
PRODUCT_ABC_MOBILE_EN_PHN,Monday,14:00:00,0.059630529882160506
PRODUCT_ABC_MOBILE_EN_PHN,Monday,14:30:00,0.04991463512429521
PRODUCT_ABC_MOBILE_EN_PHN,Monday,15:00:00,0.04303913019051673
PRODUCT_ABC_MOBILE_EN_PHN,Monday,15:30:00,0.035348126872596156
PRODUCT_ABC_MOBILE_EN_PHN,Monday,16:00:00,0.026190450761893132
PRODUCT_ABC_MOBILE_EN_PHN,Monday,16:30:00,0.019176338561456157
PRODUCT_ABC_MOBILE_EN_PHN,Monday,17:00:00,0.014674451163056521
PRODUCT_ABC_MOBILE_EN_PHN,Monday,17:30:00,0.007458647612138134
PRODUCT_ABC_MOBILE_EN_PHN,Monday,18:00:00,0.0
PRODUCT_ABC_MOBILE_EN_PHN,Monday,18:30:00,0.0
PRODUCT_ABC_MOBILE_EN_PHN,Monday,19:00:00,0.0
PRODUCT_ABC_MOBILE_EN_PHN,Monday,19:30:00,0.0
PRODUCT_ABC_MOBILE_EN_PHN,Monday,20:00:00,0.0
PRODUCT_ABC_MOBILE_EN_PHN,Monday,20:30:00,0.0
PRODUCT_ABC_MOBILE_EN_PHN,Monday,21:00:00,0.0
PRODUCT_ABC_MOBILE_EN_PHN,Monday,21:30:00,0.0
PRODUCT_ABC_MOBILE_EN_PHN,Monday,22:00:00,0.0
PRODUCT_ABC_MOBILE_EN_PHN,Monday,22:30:00,0.0
PRODUCT_ABC_MOBILE_EN_PHN,Monday,23:00:00,0.0
PRODUCT_ABC_MOBILE_EN_PHN,Monday,23:30:00,0.0
PRODUCT_ABC_MOBILE_EN_PHN,Tuesday,00:00:00,0.0
PRODUCT_ABC_MOBILE_EN_PHN,Tuesday,00:30:00,0.0
PRODUCT_ABC_MOBILE_EN_PHN,Tuesday,01:00:00,0.0
PRODUCT_ABC_MOBILE_EN_PHN,Tuesday,01:30:00,0.0
PRODUCT_ABC_MOBILE_EN_PHN,Tuesday,02:00:00,0.0
PRODUCT_ABC_MOBILE_EN_PHN,Tuesday,02:30:00,0.0
PRODUCT_ABC_MOBILE_EN_PHN,Tuesday,03:00:00,0.0
PRODUCT_ABC_MOBILE_EN_PHN,Tuesday,03:30:00,0.0
PRODUCT_ABC_MOBILE_EN_PHN,Tuesday,04:00:00,0.0
PRODUCT_ABC_MOBILE_EN_PHN,Tuesday,04:30:00,0.0
PRODUCT_ABC_MOBILE_EN_PHN,Tuesday,05:00:00,0.0
PRODUCT_ABC_MOBILE_EN_PHN,Tuesday,05:30:00,0.0
PRODUCT_ABC_MOBILE_EN_PHN,Tuesday,06:00:00,0.0
PRODUCT_ABC_MOBILE_EN_PHN,Tuesday,06:30:00,0.0
PRODUCT_ABC_MOBILE_EN_PHN,Tuesday,07:00:00,0.0
PRODUCT_ABC_MOBILE_EN_PHN,Tuesday,07:30:00,0.0
PRODUCT_ABC_MOBILE_EN_PHN,Tuesday,08:00:00,0.012735010348357494
PRODUCT_ABC_MOBILE_EN_PHN,Tuesday,08:30:00,0.019122365079412132
PRODUCT_ABC_MOBILE_EN_PHN,Tuesday,09:00:00,0.026674679321079735
PRODUCT_ABC_MOBILE_EN_PHN,Tuesday,09:30:00,0.04238804745888884
PRODUCT_ABC_MOBILE_EN_PHN,Tuesday,10:00:00,0.056656668122630385
PRODUCT_ABC_MOBILE_EN_PHN,Tuesday,10:30:00,0.07463264334280194
PRODUCT_ABC_MOBILE_EN_PHN,Tuesday,11:00:00,0.0826873668891587
PRODUCT_ABC_MOBILE_EN_PHN,Tuesday,11:30:00,0.09154227265201523
PRODUCT_ABC_MOBILE_EN_PHN,Tuesday,12:00:00,0.09258015123508011
PRODUCT_ABC_MOBILE_EN_PHN,Tuesday,12:30:00,0.08859166988017002
PRODUCT_ABC_MOBILE_EN_PHN,Tuesday,13:00:00,0.07912080715042745
PRODUCT_ABC_MOBILE_EN_PHN,Tuesday,13:30:00,0.0718889787791183
PRODUCT_ABC_MOBILE_EN_PHN,Tuesday,14:00:00,0.05910463014017657
PRODUCT_ABC_MOBILE_EN_PHN,Tuesday,14:30:00,0.04934162574907954
PRODUCT_ABC_MOBILE_EN_PHN,Tuesday,15:00:00,0.041230064693398405
PRODUCT_ABC_MOBILE_EN_PHN,Tuesday,15:30:00,0.03546931303618687
PRODUCT_ABC_MOBILE_EN_PHN,Tuesday,16:00:00,0.025374040254089878
PRODUCT_ABC_MOBILE_EN_PHN,Tuesday,16:30:00,0.021151101109070137
PRODUCT_ABC_MOBILE_EN_PHN,Tuesday,17:00:00,0.01757114493366635
PRODUCT_ABC_MOBILE_EN_PHN,Tuesday,17:30:00,0.012137419825191792
PRODUCT_ABC_MOBILE_EN_PHN,Tuesday,18:00:00,0.0
PRODUCT_ABC_MOBILE_EN_PHN,Tuesday,18:30:00,0.0
PRODUCT_ABC_MOBILE_EN_PHN,Tuesday,19:00:00,0.0
PRODUCT_ABC_MOBILE_EN_PHN,Tuesday,19:30:00,0.0
PRODUCT_ABC_MOBILE_EN_PHN,Tuesday,20:00:00,0.0
PRODUCT_ABC_MOBILE_EN_PHN,Tuesday,20:30:00,0.0
PRODUCT_ABC_MOBILE_EN_PHN,Tuesday,21:00:00,0.0
PRODUCT_ABC_MOBILE_EN_PHN,Tuesday,21:30:00,0.0
PRODUCT_ABC_MOBILE_EN_PHN,Tuesday,22:00:00,0.0
PRODUCT_ABC_MOBILE_EN_PHN,Tuesday,22:30:00,0.0
PRODUCT_ABC_MOBILE_EN_PHN,Tuesday,23:00:00,0.0
PRODUCT_ABC_MOBILE_EN_PHN,Tuesday,23:30:00,0.0
PRODUCT_ABC_MOBILE_EN_PHN,Wednesday,00:00:00,0.0
PRODUCT_ABC_MOBILE_EN_PHN,Wednesday,00:30:00,0.0
PRODUCT_ABC_MOBILE_EN_PHN,Wednesday,01:00:00,0.0
PRODUCT_ABC_MOBILE_EN_PHN,Wednesday,01:30:00,0.0
PRODUCT_ABC_MOBILE_EN_PHN,Wednesday,02:00:00,0.0
PRODUCT_ABC_MOBILE_EN_PHN,Wednesday,02:30:00,0.0
PRODUCT_ABC_MOBILE_EN_PHN,Wednesday,03:00:00,0.0
PRODUCT_ABC_MOBILE_EN_PHN,Wednesday,03:30:00,0.0
PRODUCT_ABC_MOBILE_EN_PHN,Wednesday,04:00:00,0.0
PRODUCT_ABC_MOBILE_EN_PHN,Wednesday,04:30:00,0.0
PRODUCT_ABC_MOBILE_EN_PHN,Wednesday,05:00:00,0.0
PRODUCT_ABC_MOBILE_EN_PHN,Wednesday,05:30:00,0.0
PRODUCT_ABC_MOBILE_EN_PHN,Wednesday,06:00:00,0.0
PRODUCT_ABC_MOBILE_EN_PHN,Wednesday,06:30:00,0.0
PRODUCT_ABC_MOBILE_EN_PHN,Wednesday,07:00:00,0.0
PRODUCT_ABC_MOBILE_EN_PHN,Wednesday,07:30:00,0.0
PRODUCT_ABC_MOBILE_EN_PHN,Wednesday,08:00:00,0.01177412471573838
PRODUCT_ABC_MOBILE_EN_PHN,Wednesday,08:30:00,0.023356013443928722
PRODUCT_ABC_MOBILE_EN_PHN,Wednesday,09:00:00,0.033091036750424886
PRODUCT_ABC_MOBILE_EN_PHN,Wednesday,09:30:00,0.049914292924631794
PRODUCT_ABC_MOBILE_EN_PHN,Wednesday,10:00:00,0.06244766599561357
PRODUCT_ABC_MOBILE_EN_PHN,Wednesday,10:30:00,0.07810734116749328
PRODUCT_ABC_MOBILE_EN_PHN,Wednesday,11:00:00,0.08561465906963293
PRODUCT_ABC_MOBILE_EN_PHN,Wednesday,11:30:00,0.08902408143758721
PRODUCT_ABC_MOBILE_EN_PHN,Wednesday,12:00:00,0.08697991517476321
PRODUCT_ABC_MOBILE_EN_PHN,Wednesday,12:30:00,0.07908722261603435
PRODUCT_ABC_MOBILE_EN_PHN,Wednesday,13:00:00,0.06686925590172627
PRODUCT_ABC_MOBILE_EN_PHN,Wednesday,13:30:00,0.06092284472679671
PRODUCT_ABC_MOBILE_EN_PHN,Wednesday,14:00:00,0.05423014040652427
PRODUCT_ABC_MOBILE_EN_PHN,Wednesday,14:30:00,0.047042833562994345
PRODUCT_ABC_MOBILE_EN_PHN,Wednesday,15:00:00,0.04147736642851978
PRODUCT_ABC_MOBILE_EN_PHN,Wednesday,15:30:00,0.03565591719202753
PRODUCT_ABC_MOBILE_EN_PHN,Wednesday,16:00:00,0.03192406854185871
PRODUCT_ABC_MOBILE_EN_PHN,Wednesday,16:30:00,0.024491657656036215
PRODUCT_ABC_MOBILE_EN_PHN,Wednesday,17:00:00,0.021060163758945316
PRODUCT_ABC_MOBILE_EN_PHN,Wednesday,17:30:00,0.01692939852872258
PRODUCT_ABC_MOBILE_EN_PHN,Wednesday,18:00:00,0.0
PRODUCT_ABC_MOBILE_EN_PHN,Wednesday,18:30:00,0.0
PRODUCT_ABC_MOBILE_EN_PHN,Wednesday,19:00:00,0.0
PRODUCT_ABC_MOBILE_EN_PHN,Wednesday,19:30:00,0.0
PRODUCT_ABC_MOBILE_EN_PHN,Wednesday,20:00:00,0.0
PRODUCT_ABC_MOBILE_EN_PHN,Wednesday,20:30:00,0.0
PRODUCT_ABC_MOBILE_EN_PHN,Wednesday,21:00:00,0.0
PRODUCT_ABC_MOBILE_EN_PHN,Wednesday,21:30:00,0.0
PRODUCT_ABC_MOBILE_EN_PHN,Wednesday,22:00:00,0.0
PRODUCT_ABC_MOBILE_EN_PHN,Wednesday,22:30:00,0.0
PRODUCT_ABC_MOBILE_EN_PHN,Wednesday,23:00:00,0.0
PRODUCT_ABC_MOBILE_EN_PHN,Wednesday,23:30:00,0.0
PRODUCT_ABC_MOBILE_EN_PHN,Thursday,00:00:00,0.0
PRODUCT_ABC_MOBILE_EN_PHN,Thursday,00:30:00,0.0
PRODUCT_ABC_MOBILE_EN_PHN,Thursday,01:00:00,0.0
PRODUCT_ABC_MOBILE_EN_PHN,Thursday,01:30:00,0.0
PRODUCT_ABC_MOBILE_EN_PHN,Thursday,02:00:00,0.0
PRODUCT_ABC_MOBILE_EN_PHN,Thursday,02:30:00,0.0
PRODUCT_ABC_MOBILE_EN_PHN,Thursday,03:00:00,0.0
PRODUCT_ABC_MOBILE_EN_PHN,Thursday,03:30:00,0.0
PRODUCT_ABC_MOBILE_EN_PHN,Thursday,04:00:00,0.0
PRODUCT_ABC_MOBILE_EN_PHN,Thursday,04:30:00,0.0
PRODUCT_ABC_MOBILE_EN_PHN,Thursday,05:00:00,0.0
PRODUCT_ABC_MOBILE_EN_PHN,Thursday,05:30:00,0.0
PRODUCT_ABC_MOBILE_EN_PHN,Thursday,06:00:00,0.0
PRODUCT_ABC_MOBILE_EN_PHN,Thursday,06:30:00,0.0
PRODUCT_ABC_MOBILE_EN_PHN,Thursday,07:00:00,0.0
PRODUCT_ABC_MOBILE_EN_PHN,Thursday,07:30:00,0.0
PRODUCT_ABC_MOBILE_EN_PHN,Thursday,08:00:00,0.019665108216035804
PRODUCT_ABC_MOBILE_EN_PHN,Thursday,08:30:00,0.028898418935051736
PRODUCT_ABC_MOBILE_EN_PHN,Thursday,09:00:00,0.04132310568965274
PRODUCT_ABC_MOBILE_EN_PHN,Thursday,09:30:00,0.05509044061427914
PRODUCT_ABC_MOBILE_EN_PHN,Thursday,10:00:00,0.0726976163605929
PRODUCT_ABC_MOBILE_EN_PHN,Thursday,10:30:00,0.08238262636497351
PRODUCT_ABC_MOBILE_EN_PHN,Thursday,11:00:00,0.08973849616838006
PRODUCT_ABC_MOBILE_EN_PHN,Thursday,11:30:00,0.08707167491403515
PRODUCT_ABC_MOBILE_EN_PHN,Thursday,12:00:00,0.08178334507742945
PRODUCT_ABC_MOBILE_EN_PHN,Thursday,12:30:00,0.07502317978326384
PRODUCT_ABC_MOBILE_EN_PHN,Thursday,13:00:00,0.0651663320081209
PRODUCT_ABC_MOBILE_EN_PHN,Thursday,13:30:00,0.05585179541389615
PRODUCT_ABC_MOBILE_EN_PHN,Thursday,14:00:00,0.04962228982186096
PRODUCT_ABC_MOBILE_EN_PHN,Thursday,14:30:00,0.04272267371306006
PRODUCT_ABC_MOBILE_EN_PHN,Thursday,15:00:00,0.039871920953727075
PRODUCT_ABC_MOBILE_EN_PHN,Thursday,15:30:00,0.03174488460217696
PRODUCT_ABC_MOBILE_EN_PHN,Thursday,16:00:00,0.02684333510270506
PRODUCT_ABC_MOBILE_EN_PHN,Thursday,16:30:00,0.020210476774973292
PRODUCT_ABC_MOBILE_EN_PHN,Thursday,17:00:00,0.017793758651444426
PRODUCT_ABC_MOBILE_EN_PHN,Thursday,17:30:00,0.01649852083434073
PRODUCT_ABC_MOBILE_EN_PHN,Thursday,18:00:00,0.0
PRODUCT_ABC_MOBILE_EN_PHN,Thursday,18:30:00,0.0
PRODUCT_ABC_MOBILE_EN_PHN,Thursday,19:00:00,0.0
PRODUCT_ABC_MOBILE_EN_PHN,Thursday,19:30:00,0.0
PRODUCT_ABC_MOBILE_EN_PHN,Thursday,20:00:00,0.0
PRODUCT_ABC_MOBILE_EN_PHN,Thursday,20:30:00,0.0
PRODUCT_ABC_MOBILE_EN_PHN,Thursday,21:00:00,0.0
PRODUCT_ABC_MOBILE_EN_PHN,Thursday,21:30:00,0.0
PRODUCT_ABC_MOBILE_EN_PHN,Thursday,22:00:00,0.0
PRODUCT_ABC_MOBILE_EN_PHN,Thursday,22:30:00,0.0
PRODUCT_ABC_MOBILE_EN_PHN,Thursday,23:00:00,0.0
PRODUCT_ABC_MOBILE_EN_PHN,Thursday,23:30:00,0.0
PRODUCT_ABC_MOBILE_EN_PHN,Friday,00:00:00,0.0
PRODUCT_ABC_MOBILE_EN_PHN,Friday,00:30:00,0.0
PRODUCT_ABC_MOBILE_EN_PHN,Friday,01:00:00,0.0
PRODUCT_ABC_MOBILE_EN_PHN,Friday,01:30:00,0.0
PRODUCT_ABC_MOBILE_EN_PHN,Friday,02:00:00,0.0
PRODUCT_ABC_MOBILE_EN_PHN,Friday,02:30:00,0.0
PRODUCT_ABC_MOBILE_EN_PHN,Friday,03:00:00,0.0
PRODUCT_ABC_MOBILE_EN_PHN,Friday,03:30:00,0.0
PRODUCT_ABC_MOBILE_EN_PHN,Friday,04:00:00,0.0
PRODUCT_ABC_MOBILE_EN_PHN,Friday,04:30:00,0.0
PRODUCT_ABC_MOBILE_EN_PHN,Friday,05:00:00,0.0
PRODUCT_ABC_MOBILE_EN_PHN,Friday,05:30:00,0.0
PRODUCT_ABC_MOBILE_EN_PHN,Friday,06:00:00,0.0
PRODUCT_ABC_MOBILE_EN_PHN,Friday,06:30:00,0.0
PRODUCT_ABC_MOBILE_EN_PHN,Friday,07:00:00,0.0
PRODUCT_ABC_MOBILE_EN_PHN,Friday,07:30:00,0.0
PRODUCT_ABC_MOBILE_EN_PHN,Friday,08:00:00,0.010046059993469306
PRODUCT_ABC_MOBILE_EN_PHN,Friday,08:30:00,0.017801609349278418
PRODUCT_ABC_MOBILE_EN_PHN,Friday,09:00:00,0.033219604588169895
PRODUCT_ABC_MOBILE_EN_PHN,Friday,09:30:00,0.04740228468207626
PRODUCT_ABC_MOBILE_EN_PHN,Friday,10:00:00,0.06165656336122616
PRODUCT_ABC_MOBILE_EN_PHN,Friday,10:30:00,0.07489555550286772
PRODUCT_ABC_MOBILE_EN_PHN,Friday,11:00:00,0.08734524836946161
PRODUCT_ABC_MOBILE_EN_PHN,Friday,11:30:00,0.09581799318652698
PRODUCT_ABC_MOBILE_EN_PHN,Friday,12:00:00,0.09540210577929112
PRODUCT_ABC_MOBILE_EN_PHN,Friday,12:30:00,0.0892177206377548
PRODUCT_ABC_MOBILE_EN_PHN,Friday,13:00:00,0.08146639762581803
PRODUCT_ABC_MOBILE_EN_PHN,Friday,13:30:00,0.07222514607223197
PRODUCT_ABC_MOBILE_EN_PHN,Friday,14:00:00,0.05969720313822164
PRODUCT_ABC_MOBILE_EN_PHN,Friday,14:30:00,0.04861620513424983
PRODUCT_ABC_MOBILE_EN_PHN,Friday,15:00:00,0.039121834890018366
PRODUCT_ABC_MOBILE_EN_PHN,Friday,15:30:00,0.027789893819061655
PRODUCT_ABC_MOBILE_EN_PHN,Friday,16:00:00,0.02422449418465114
PRODUCT_ABC_MOBILE_EN_PHN,Friday,16:30:00,0.01593315658907321
PRODUCT_ABC_MOBILE_EN_PHN,Friday,17:00:00,0.012766430201400674
PRODUCT_ABC_MOBILE_EN_PHN,Friday,17:30:00,0.005354492895151405
PRODUCT_ABC_MOBILE_EN_PHN,Friday,18:00:00,0.0
PRODUCT_ABC_MOBILE_EN_PHN,Friday,18:30:00,0.0
PRODUCT_ABC_MOBILE_EN_PHN,Friday,19:00:00,0.0
PRODUCT_ABC_MOBILE_EN_PHN,Friday,19:30:00,0.0
PRODUCT_ABC_MOBILE_EN_PHN,Friday,20:00:00,0.0
PRODUCT_ABC_MOBILE_EN_PHN,Friday,20:30:00,0.0
PRODUCT_ABC_MOBILE_EN_PHN,Friday,21:00:00,0.0
PRODUCT_ABC_MOBILE_EN_PHN,Friday,21:30:00,0.0
PRODUCT_ABC_MOBILE_EN_PHN,Friday,22:00:00,0.0
PRODUCT_ABC_MOBILE_EN_PHN,Friday,22:30:00,0.0
PRODUCT_ABC_MOBILE_EN_PHN,Friday,23:00:00,0.0
PRODUCT_ABC_MOBILE_EN_PHN,Friday,23:30:00,0.0
PRODUCT_ABC_MOBILE_EN_PHN,Saturday,00:00:00,0.0
PRODUCT_ABC_MOBILE_EN_PHN,Saturday,00:30:00,0.0
PRODUCT_ABC_MOBILE_EN_PHN,Saturday,01:00:00,0.0
PRODUCT_ABC_MOBILE_EN_PHN,Saturday,01:30:00,0.0
PRODUCT_ABC_MOBILE_EN_PHN,Saturday,02:00:00,0.0
PRODUCT_ABC_MOBILE_EN_PHN,Saturday,02:30:00,0.0
PRODUCT_ABC_MOBILE_EN_PHN,Saturday,03:00:00,0.0
PRODUCT_ABC_MOBILE_EN_PHN,Saturday,03:30:00,0.0
PRODUCT_ABC_MOBILE_EN_PHN,Saturday,04:00:00,0.0
PRODUCT_ABC_MOBILE_EN_PHN,Saturday,04:30:00,0.0
PRODUCT_ABC_MOBILE_EN_PHN,Saturday,05:00:00,0.0
PRODUCT_ABC_MOBILE_EN_PHN,Saturday,05:30:00,0.0
PRODUCT_ABC_MOBILE_EN_PHN,Saturday,06:00:00,0.0
PRODUCT_ABC_MOBILE_EN_PHN,Saturday,06:30:00,0.0
PRODUCT_ABC_MOBILE_EN_PHN,Saturday,07:00:00,0.0
PRODUCT_ABC_MOBILE_EN_PHN,Saturday,07:30:00,0.0
PRODUCT_ABC_MOBILE_EN_PHN,Saturday,08:00:00,0.017024907957967333
PRODUCT_ABC_MOBILE_EN_PHN,Saturday,08:30:00,0.02845380864372801
PRODUCT_ABC_MOBILE_EN_PHN,Saturday,09:00:00,0.041472108838905286
PRODUCT_ABC_MOBILE_EN_PHN,Saturday,09:30:00,0.05578199076694717
PRODUCT_ABC_MOBILE_EN_PHN,Saturday,10:00:00,0.07343869433731996
PRODUCT_ABC_MOBILE_EN_PHN,Saturday,10:30:00,0.08297741148120444
PRODUCT_ABC_MOBILE_EN_PHN,Saturday,11:00:00,0.08996428012575894
PRODUCT_ABC_MOBILE_EN_PHN,Saturday,11:30:00,0.09265898531369965
PRODUCT_ABC_MOBILE_EN_PHN,Saturday,12:00:00,0.0923115134016164
PRODUCT_ABC_MOBILE_EN_PHN,Saturday,12:30:00,0.08100645160575494
PRODUCT_ABC_MOBILE_EN_PHN,Saturday,13:00:00,0.07633141585851533
PRODUCT_ABC_MOBILE_EN_PHN,Saturday,13:30:00,0.06248594965230498
PRODUCT_ABC_MOBILE_EN_PHN,Saturday,14:00:00,0.05381003554452786
PRODUCT_ABC_MOBILE_EN_PHN,Saturday,14:30:00,0.0450761093232686
PRODUCT_ABC_MOBILE_EN_PHN,Saturday,15:00:00,0.03623338725612572
PRODUCT_ABC_MOBILE_EN_PHN,Saturday,15:30:00,0.02396009595319919
PRODUCT_ABC_MOBILE_EN_PHN,Saturday,16:00:00,0.019979444889455116
PRODUCT_ABC_MOBILE_EN_PHN,Saturday,16:30:00,0.013133035070324865
PRODUCT_ABC_MOBILE_EN_PHN,Saturday,17:00:00,0.011569387061067258
PRODUCT_ABC_MOBILE_EN_PHN,Saturday,17:30:00,0.0023309869183088254
PRODUCT_ABC_MOBILE_EN_PHN,Saturday,18:00:00,0.0
PRODUCT_ABC_MOBILE_EN_PHN,Saturday,18:30:00,0.0
PRODUCT_ABC_MOBILE_EN_PHN,Saturday,19:00:00,0.0
PRODUCT_ABC_MOBILE_EN_PHN,Saturday,19:30:00,0.0
PRODUCT_ABC_MOBILE_EN_PHN,Saturday,20:00:00,0.0
PRODUCT_ABC_MOBILE_EN_PHN,Saturday,20:30:00,0.0
PRODUCT_ABC_MOBILE_EN_PHN,Saturday,21:00:00,0.0
PRODUCT_ABC_MOBILE_EN_PHN,Saturday,21:30:00,0.0
PRODUCT_ABC_MOBILE_EN_PHN,Saturday,22:00:00,0.0
PRODUCT_ABC_MOBILE_EN_PHN,Saturday,22:30:00,0.0
PRODUCT_ABC_MOBILE_EN_PHN,Saturday,23:00:00,0.0
PRODUCT_ABC_MOBILE_EN_PHN,Saturday,23:30:00,0.0
PRODUCT_ABC_MOBILE_EN_PHN,Sunday,00:00:00,0.0
PRODUCT_ABC_MOBILE_EN_PHN,Sunday,00:30:00,0.0
PRODUCT_ABC_MOBILE_EN_PHN,Sunday,01:00:00,0.0
PRODUCT_ABC_MOBILE_EN_PHN,Sunday,01:30:00,0.0
PRODUCT_ABC_MOBILE_EN_PHN,Sunday,02:00:00,0.0
PRODUCT_ABC_MOBILE_EN_PHN,Sunday,02:30:00,0.0
PRODUCT_ABC_MOBILE_EN_PHN,Sunday,03:00:00,0.0
PRODUCT_ABC_MOBILE_EN_PHN,Sunday,03:30:00,0.0
PRODUCT_ABC_MOBILE_EN_PHN,Sunday,04:00:00,0.0
PRODUCT_ABC_MOBILE_EN_PHN,Sunday,04:30:00,0.0
PRODUCT_ABC_MOBILE_EN_PHN,Sunday,05:00:00,0.0
PRODUCT_ABC_MOBILE_EN_PHN,Sunday,05:30:00,0.0
PRODUCT_ABC_MOBILE_EN_PHN,Sunday,06:00:00,0.0
PRODUCT_ABC_MOBILE_EN_PHN,Sunday,06:30:00,0.0
PRODUCT_ABC_MOBILE_EN_PHN,Sunday,07:00:00,0.0
PRODUCT_ABC_MOBILE_EN_PHN,Sunday,07:30:00,0.0
PRODUCT_ABC_MOBILE_EN_PHN,Sunday,08:00:00,0.013422892496817516
PRODUCT_ABC_MOBILE_EN_PHN,Sunday,08:30:00,0.01989033658100355
PRODUCT_ABC_MOBILE_EN_PHN,Sunday,09:00:00,0.03278655132505804
PRODUCT_ABC_MOBILE_EN_PHN,Sunday,09:30:00,0.04660005961190331
PRODUCT_ABC_MOBILE_EN_PHN,Sunday,10:00:00,0.06272352608127131
PRODUCT_ABC_MOBILE_EN_PHN,Sunday,10:30:00,0.07369900001375092
PRODUCT_ABC_MOBILE_EN_PHN,Sunday,11:00:00,0.08788281545000445
PRODUCT_ABC_MOBILE_EN_PHN,Sunday,11:30:00,0.08937044993970854
PRODUCT_ABC_MOBILE_EN_PHN,Sunday,12:00:00,0.08735837467747112
PRODUCT_ABC_MOBILE_EN_PHN,Sunday,12:30:00,0.0818574864417431
PRODUCT_ABC_MOBILE_EN_PHN,Sunday,13:00:00,0.07465184584725662
PRODUCT_ABC_MOBILE_EN_PHN,Sunday,13:30:00,0.06403361808396003
PRODUCT_ABC_MOBILE_EN_PHN,Sunday,14:00:00,0.05753920647409019
PRODUCT_ABC_MOBILE_EN_PHN,Sunday,14:30:00,0.052390814564777496
PRODUCT_ABC_MOBILE_EN_PHN,Sunday,15:00:00,0.044954485352925594
PRODUCT_ABC_MOBILE_EN_PHN,Sunday,15:30:00,0.03401158432300603
PRODUCT_ABC_MOBILE_EN_PHN,Sunday,16:00:00,0.028364325335249303
PRODUCT_ABC_MOBILE_EN_PHN,Sunday,16:30:00,0.022428087573739007
PRODUCT_ABC_MOBILE_EN_PHN,Sunday,17:00:00,0.014411879653077612
PRODUCT_ABC_MOBILE_EN_PHN,Sunday,17:30:00,0.01162266017318635
PRODUCT_ABC_MOBILE_EN_PHN,Sunday,18:00:00,0.0
PRODUCT_ABC_MOBILE_EN_PHN,Sunday,18:30:00,0.0
PRODUCT_ABC_MOBILE_EN_PHN,Sunday,19:00:00,0.0
PRODUCT_ABC_MOBILE_EN_PHN,Sunday,19:30:00,0.0
PRODUCT_ABC_MOBILE_EN_PHN,Sunday,20:00:00,0.0
PRODUCT_ABC_MOBILE_EN_PHN,Sunday,20:30:00,0.0
PRODUCT_ABC_MOBILE_EN_PHN,Sunday,21:00:00,0.0
PRODUCT_ABC_MOBILE_EN_PHN,Sunday,21:30:00,0.0
PRODUCT_ABC_MOBILE_EN_PHN,Sunday,22:00:00,0.0
PRODUCT_ABC_MOBILE_EN_PHN,Sunday,22:30:00,0.0
PRODUCT_ABC_MOBILE_EN_PHN,Sunday,23:00:00,0.0
PRODUCT_ABC_MOBILE_EN_PHN,Sunday,23:30:00,0.0
